ITS_ID,Sector,Data_Verifcation_Status,Photo_Verifcation_Status,Status
50487864,,Not Verified,Verfied,Data Ã  mettre Ã  jour ğŸ—ƒï¸
30914498,,Not Verified,Not Verified,Data et photo Ã  mettre Ã  jour âŒ
30903835,,Not Verified,Not Verified,Data et photo Ã  mettre Ã  jour âŒ
30926220,,Not Verified,Verfied,Data Ã  mettre Ã  jour ğŸ—ƒï¸
30603285,,Not Verified,Verfied,Data Ã  mettre Ã  jour ğŸ—ƒï¸
30711589,,Not Verified,Verfied,Data Ã  mettre Ã  jour ğŸ—ƒï¸
50496995,,Not Verified,Not Verified,Data et photo Ã  mettre Ã  jour âŒ
50487822,,Not Verified,Not Verified,Data et photo Ã  mettre Ã  jour âŒ
30711591,,Not Verified,Verfied,Data Ã  mettre Ã  jour ğŸ—ƒï¸
30801481,,Not Verified,Not Verified,Data et photo Ã  mettre Ã  jour âŒ
30921867,,Not Verified,Not Verified,Data et photo Ã  mettre Ã  jour âŒ
50487896,,Not Verified,Verfied,Data Ã  mettre Ã  jour ğŸ—ƒï¸
40469942,,Not Verified,Verfied,Data Ã  mettre Ã  jour ğŸ—ƒï¸
20323508,Burhani (Sainte-Marie),Verified,Verfied,Tout est correct âœ…
30362759,Burhani (Sainte-Marie),Verified,Verfied,Tout est correct âœ…
30362760,Burhani (Sainte-Marie),Verified,Verfied,Tout est correct âœ…
30437122,Burhani (Sainte-Marie),Verified,Verfied,Tout est correct âœ…
30437184,Burhani (Sainte-Marie),Verified,Verfied,Tout est correct âœ…
20323923,Qutbi (Saint-Denis),Verified,Verfied,Tout est correct âœ…
30392502,Qutbi (Saint-Denis),Verified,Verfied,Tout est correct âœ…
20323981,Saifee (Saint-Denis),Verified,Verfied,Tout est correct âœ…
30391714,Saifee (Saint-Denis),Verified,Verfied,Tout est correct âœ…
20328771,,Verified,Verfied,Tout est correct âœ…
30391555,,Verified,Verfied,Tout est correct âœ…
30391556,,Verified,Verfied,Tout est correct âœ…
50170523,,Verified,Verfied,Tout est correct âœ…
20328793,Badri (Sainte-Clotilde),Not Verified,Not Verified,Data et photo Ã  mettre Ã  jour âŒ
30391544,Badri (Sainte-Clotilde),Not Verified,Not Verified,Data et photo Ã  mettre Ã  jour âŒ
20332752,,Verified,Verfied,Tout est correct âœ…
30404786,,Verified,Verfied,Tout est correct âœ…
20339945,Hakimi (Est),Verified,Verfied,Tout est correct âœ…
30437227,Hakimi (Est),Verified,Verfied,Tout est correct âœ…
30437228,Hakimi (Est),Verified,Verfied,Tout est correct âœ…
30437229,Hakimi (Est),Verified,Verfied,Tout est correct âœ…
30437216,Hakimi (Est),Verified,Verfied,Tout est correct âœ…
30437176,Hakimi (Est),Verified,Verfied,Tout est correct âœ…
20339971,Badri (Sainte-Clotilde),Verified,Verfied,Tout est correct âœ…
20340496,Zaini (Sainte-Clotilde),Verified,Verfied,Tout est correct âœ…
20340603,Najmi (Ouest),Not Verified,Verfied,Data Ã  mettre Ã  jour ğŸ—ƒï¸
30412099,Najmi (Ouest),Not Verified,Verfied,Data Ã  mettre Ã  jour ğŸ—ƒï¸
20340733,Burhani (Sainte-Marie),Not Verified,Verfied,Data Ã  mettre Ã  jour ğŸ—ƒï¸
30412056,Burhani (Sainte-Marie),Not Verified,Verfied,Data Ã  mettre Ã  jour ğŸ—ƒï¸
30412057,Burhani (Sainte-Marie),Not Verified,Verfied,Data Ã  mettre Ã  jour ğŸ—ƒï¸
30412058,Burhani (Sainte-Marie),Not Verified,Verfied,Data Ã  mettre Ã  jour ğŸ—ƒï¸
30801485,Burhani (Sainte-Marie),Not Verified,Verfied,Data Ã  mettre Ã  jour ğŸ—ƒï¸
20340755,Qutbi (Saint-Denis),Verified,Verfied,Tout est correct âœ…
30412836,Qutbi (Saint-Denis),Verified,Verfied,Tout est correct âœ…
50453365,Ezzi (Sainte-Clotilde),Verified,Verfied,Tout est correct âœ…
20370319,Ezzi (Sainte-Clotilde),Verified,Verfied,Tout est correct âœ…
30801458,Ezzi (Sainte-Clotilde),Verified,Verfied,Tout est correct âœ…
40417712,Qutbi (Saint-Denis),Verified,Verfied,Tout est correct âœ…
20376883,Qutbi (Saint-Denis),Verified,Verfied,Tout est correct âœ…
40417711,Qutbi (Saint-Denis),Verified,Verfied,Tout est correct âœ…
30912691,Qutbi (Saint-Denis),Verified,Verfied,Tout est correct âœ…
20377968,Badri (Sainte-Clotilde),Verified,Verfied,Tout est correct âœ…
40417066,Badri (Sainte-Clotilde),Verified,Verfied,Tout est correct âœ…
20385794,Qutbi (Saint-Denis),Verified,Verfied,Tout est correct âœ…
40464359,Qutbi (Saint-Denis),Verified,Verfied,Tout est correct âœ…
20389500,Badri (Sainte-Clotilde),Not Verified,Verfied,Data Ã  mettre Ã  jour ğŸ—ƒï¸
40417499,Badri (Sainte-Clotilde),Not Verified,Verfied,Data Ã  mettre Ã  jour ğŸ—ƒï¸
20390872,Qutbi (Saint-Denis),Verified,Verfied,Tout est correct âœ…
20406415,Saifee (Saint-Denis),Verified,Verfied,Tout est correct âœ…
30800551,Saifee (Saint-Denis),Verified,Verfied,Tout est correct âœ…
30800553,Saifee (Saint-Denis),Verified,Verfied,Tout est correct âœ…
20406424,Saifee (Saint-Denis),Verified,Verfied,Tout est correct âœ…
40456860,Saifee (Saint-Denis),Verified,Verfied,Tout est correct âœ…
40456861,Saifee (Saint-Denis),Verified,Verfied,Tout est correct âœ…
40456862,Saifee (Saint-Denis),Verified,Verfied,Tout est correct âœ…
40456863,Saifee (Saint-Denis),Verified,Verfied,Tout est correct âœ…
20414561,Zaini (Sainte-Clotilde),Verified,Verfied,Tout est correct âœ…
60420352,Zaini (Sainte-Clotilde),Verified,Verfied,Tout est correct âœ…
60420354,Zaini (Sainte-Clotilde),Verified,Verfied,Tout est correct âœ…
40467405,Zaini (Sainte-Clotilde),Verified,Verfied,Tout est correct âœ…
20415040,Najmi (Ouest),Verified,Verfied,Tout est correct âœ…
20415046,Zaini (Sainte-Clotilde),Verified,Verfied,Tout est correct âœ…
20415050,Ezzi (Sainte-Clotilde),Verified,Verfied,Tout est correct âœ…
30802533,Ezzi (Sainte-Clotilde),Verified,Verfied,Tout est correct âœ…
20415051,Husaini (Sainte-Clotilde),Verified,Verfied,Tout est correct âœ…
40470263,Husaini (Sainte-Clotilde),Verified,Verfied,Tout est correct âœ…
20415063,Zaini (Sainte-Clotilde),Verified,Verfied,Tout est correct âœ…
60433732,Zaini (Sainte-Clotilde),Verified,Verfied,Tout est correct âœ…
20415071,Ezzi (Sainte-Clotilde),Verified,Verfied,Tout est correct âœ…
40470286,Ezzi (Sainte-Clotilde),Verified,Verfied,Tout est correct âœ…
20415077,Burhani (Sainte-Marie),Verified,Verfied,Tout est correct âœ…
40470270,Burhani (Sainte-Marie),Verified,Verfied,Tout est correct âœ…
30412881,Burhani (Sainte-Marie),Verified,Verfied,Tout est correct âœ…
30412882,Burhani (Sainte-Marie),Verified,Verfied,Tout est correct âœ…
20415083,Husaini (Sainte-Clotilde),Not Verified,Verfied,Data Ã  mettre Ã  jour ğŸ—ƒï¸
20415337,Badri (Sainte-Clotilde),Verified,Verfied,Tout est correct âœ…
50429084,Badri (Sainte-Clotilde),Verified,Verfied,Tout est correct âœ…
30901139,Najmi (Ouest),Not Verified,Verfied,Data Ã  mettre Ã  jour ğŸ—ƒï¸
20415501,Najmi (Ouest),Verified,Verfied,Tout est correct âœ…
40469902,Najmi (Ouest),Verified,Verfied,Tout est correct âœ…
40469903,Najmi (Ouest),Verified,Verfied,Tout est correct âœ…
30801457,Najmi (Ouest),Verified,Verfied,Tout est correct âœ…
40470098,Najmi (Ouest),Verified,Verfied,Tout est correct âœ…
50470720,Najmi (Ouest),Verified,Verfied,Tout est correct âœ…
20415503,Najmi (Ouest),Verified,Verfied,Tout est correct âœ…
40469904,Najmi (Ouest),Verified,Verfied,Tout est correct âœ…
20415504,Badri (Sainte-Clotilde),Verified,Verfied,Tout est correct âœ…
40469906,Najmi (Ouest),Verified,Verfied,Tout est correct âœ…
20415505,Najmi (Ouest),Verified,Verfied,Tout est correct âœ…
30804800,Najmi (Ouest),Verified,Verfied,Tout est correct âœ…
30919679,Najmi (Ouest),Verified,Verfied,Tout est correct âœ…
50470716,Najmi (Ouest),Verified,Verfied,Tout est correct âœ…
20415508,Najmi (Ouest),Not Verified,Verfied,Data Ã  mettre Ã  jour ğŸ—ƒï¸
30926173,Najmi (Ouest),Not Verified,Verfied,Data Ã  mettre Ã  jour ğŸ—ƒï¸
20415509,Najmi (Ouest),Verified,Verfied,Tout est correct âœ…
40469912,Najmi (Ouest),Verified,Verfied,Tout est correct âœ…
20415510,Zaini (Sainte-Clotilde),Verified,Verfied,Tout est correct âœ…
50202874,Najmi (Ouest),Verified,Verfied,Tout est correct âœ…
20415511,Najmi (Ouest),Not Verified,Verfied,Data Ã  mettre Ã  jour ğŸ—ƒï¸
20415512,Saifee (Saint-Denis),Verified,Verfied,Tout est correct âœ…
40469914,Saifee (Saint-Denis),Verified,Verfied,Tout est correct âœ…
20415515,Najmi (Ouest),Not Verified,Verfied,Data Ã  mettre Ã  jour ğŸ—ƒï¸
20415541,Burhani (Sainte-Marie),Verified,Verfied,Tout est correct âœ…
40469986,Burhani (Sainte-Marie),Verified,Verfied,Tout est correct âœ…
40469985,Burhani (Sainte-Marie),Verified,Verfied,Tout est correct âœ…
20415542,Burhani (Sainte-Marie),Verified,Verfied,Tout est correct âœ…
40469992,Burhani (Sainte-Marie),Verified,Verfied,Tout est correct âœ…
20415543,Burhani (Sainte-Marie),Verified,Verfied,Tout est correct âœ…
30922012,Burhani (Sainte-Marie),Verified,Verfied,Tout est correct âœ…
30922014,Burhani (Sainte-Marie),Verified,Verfied,Tout est correct âœ…
30922013,Burhani (Sainte-Marie),Not Verified,Verfied,Data Ã  mettre Ã  jour ğŸ—ƒï¸
40470005,Badri (Sainte-Clotilde),Verified,Verfied,Tout est correct âœ…
40469982,Badri (Sainte-Clotilde),Verified,Verfied,Tout est correct âœ…
20415544,Badri (Sainte-Clotilde),Verified,Verfied,Tout est correct âœ…
20415545,Burhani (Sainte-Marie),Verified,Verfied,Tout est correct âœ…
40469987,Burhani (Sainte-Marie),Verified,Verfied,Tout est correct âœ…
40470011,Burhani (Sainte-Marie),Verified,Verfied,Tout est correct âœ…
40469924,Burhani (Sainte-Marie),Verified,Verfied,Tout est correct âœ…
50470703,Burhani (Sainte-Marie),Verified,Verfied,Tout est correct âœ…
50470711,Burhani (Sainte-Marie),Verified,Verfied,Tout est correct âœ…
50180013,Burhani (Sainte-Marie),Verified,Verfied,Tout est correct âœ…
20415546,Burhani (Sainte-Marie),Verified,Verfied,Tout est correct âœ…
40469989,Burhani (Sainte-Marie),Verified,Verfied,Tout est correct âœ…
20415547,Burhani (Sainte-Marie),Verified,Verfied,Tout est correct âœ…
40470088,Burhani (Sainte-Marie),Verified,Not Verified,Photo Ã  mettre Ã  jour ğŸ“·
50470707,Burhani (Sainte-Marie),Verified,Not Verified,Photo Ã  mettre Ã  jour ğŸ“·
20415548,Burhani (Sainte-Marie),Verified,Verfied,Tout est correct âœ…
40469991,Burhani (Sainte-Marie),Verified,Verfied,Tout est correct âœ…
30919691,Burhani (Sainte-Marie),Verified,Verfied,Tout est correct âœ…
60202734,Burhani (Sainte-Marie),Verified,Verfied,Tout est correct âœ…
30919692,Burhani (Sainte-Marie),Verified,Verfied,Tout est correct âœ…
20415551,Burhani (Sainte-Marie),Verified,Verfied,Tout est correct âœ…
40469994,Burhani (Sainte-Marie),Verified,Verfied,Tout est correct âœ…
40469995,Burhani (Sainte-Marie),Verified,Verfied,Tout est correct âœ…
30437286,Burhani (Sainte-Marie),Verified,Verfied,Tout est correct âœ…
50470723,Burhani (Sainte-Marie),Verified,Verfied,Tout est correct âœ…
50162333,Burhani (Sainte-Marie),Verified,Verfied,Tout est correct âœ…
50203059,Burhani (Sainte-Marie),Verified,Verfied,Tout est correct âœ…
40192483,Burhani (Sainte-Marie),Verified,Not Verified,Photo Ã  mettre Ã  jour ğŸ“·
20415553,Burhani (Sainte-Marie),Verified,Verfied,Tout est correct âœ…
40469997,Burhani (Sainte-Marie),Verified,Verfied,Tout est correct âœ…
20415554,Burhani (Sainte-Marie),Verified,Verfied,Tout est correct âœ…
40469999,Burhani (Sainte-Marie),Verified,Verfied,Tout est correct âœ…
50496990,Burhani (Sainte-Marie),Verified,Verfied,Tout est correct âœ…
20415555,Hakimi (Est),Verified,Verfied,Tout est correct âœ…
50408225,Hakimi (Est),Verified,Verfied,Tout est correct âœ…
50221237,Hakimi (Est),Not Verified,Verfied,Data Ã  mettre Ã  jour ğŸ—ƒï¸
20415556,Burhani (Sainte-Marie),Verified,Verfied,Tout est correct âœ…
40470006,Burhani (Sainte-Marie),Verified,Verfied,Tout est correct âœ…
20415557,Burhani (Sainte-Marie),Verified,Verfied,Tout est correct âœ…
40470007,Burhani (Sainte-Marie),Verified,Verfied,Tout est correct âœ…
40470018,Burhani (Sainte-Marie),Verified,Verfied,Tout est correct âœ…
20415571,Husaini (Sainte-Clotilde),Verified,Verfied,Tout est correct âœ…
40470063,Husaini (Sainte-Clotilde),Verified,Verfied,Tout est correct âœ…
40470074,Husaini (Sainte-Clotilde),Verified,Verfied,Tout est correct âœ…
40470075,Husaini (Sainte-Clotilde),Verified,Verfied,Tout est correct âœ…
20415572,Taheri (Sud),Verified,Verfied,Tout est correct âœ…
40470058,Taheri (Sud),Verified,Verfied,Tout est correct âœ…
40470059,Taheri (Sud),Verified,Verfied,Tout est correct âœ…
40417977,Taheri (Sud),Verified,Verfied,Tout est correct âœ…
50230787,Taheri (Sud),Verified,Verfied,Tout est correct âœ…
40470056,Burhani (Sainte-Marie),Verified,Verfied,Tout est correct âœ…
40470057,Burhani (Sainte-Marie),Verified,Verfied,Tout est correct âœ…
20415574,Burhani (Sainte-Marie),Verified,Verfied,Tout est correct âœ…
40470064,Burhani (Sainte-Marie),Verified,Verfied,Tout est correct âœ…
40470066,Burhani (Sainte-Marie),Not Verified,Verfied,Data Ã  mettre Ã  jour ğŸ—ƒï¸
40470072,Burhani (Sainte-Marie),Verified,Verfied,Tout est correct âœ…
20415575,Husaini (Sainte-Clotilde),Verified,Verfied,Tout est correct âœ…
40469919,Taheri (Sud),Verified,Verfied,Tout est correct âœ…
20415576,Taheri (Sud),Verified,Verfied,Tout est correct âœ…
30600490,Taheri (Sud),Verified,Verfied,Tout est correct âœ…
30600491,Taheri (Sud),Verified,Verfied,Tout est correct âœ…
30600493,Taheri (Sud),Verified,Verfied,Tout est correct âœ…
20415577,Taheri (Sud),Not Verified,Verfied,Data Ã  mettre Ã  jour ğŸ—ƒï¸
20415579,Taheri (Sud),Verified,Verfied,Tout est correct âœ…
40470069,Taheri (Sud),Verified,Verfied,Tout est correct âœ…
20415580,Zaini (Sainte-Clotilde),Verified,Verfied,Tout est correct âœ…
40470073,Zaini (Sainte-Clotilde),Verified,Verfied,Tout est correct âœ…
40470078,Zaini (Sainte-Clotilde),Verified,Verfied,Tout est correct âœ…
40470077,Zaini (Sainte-Clotilde),Verified,Verfied,Tout est correct âœ…
20415581,Saifee (Saint-Denis),Verified,Verfied,Tout est correct âœ…
40470079,Saifee (Saint-Denis),Verified,Verfied,Tout est correct âœ…
40470080,Saifee (Saint-Denis),Verified,Verfied,Tout est correct âœ…
40470081,Saifee (Saint-Denis),Verified,Verfied,Tout est correct âœ…
50470715,Saifee (Saint-Denis),Verified,Verfied,Tout est correct âœ…
20415582,Saifee (Saint-Denis),Verified,Verfied,Tout est correct âœ…
40470084,Saifee (Saint-Denis),Verified,Verfied,Tout est correct âœ…
50183894,Saifee (Saint-Denis),Verified,Verfied,Tout est correct âœ…
30905880,Saifee (Saint-Denis),Not Verified,Verfied,Data Ã  mettre Ã  jour ğŸ—ƒï¸
20415592,Hakimi (Est),Verified,Verfied,Tout est correct âœ…
50408203,Hakimi (Est),Verified,Verfied,Tout est correct âœ…
20415593,Hakimi (Est),Verified,Verfied,Tout est correct âœ…
50408202,Hakimi (Est),Verified,Verfied,Tout est correct âœ…
50180014,Hakimi (Est),Verified,Verfied,Tout est correct âœ…
60433773,Hakimi (Est),Not Verified,Verfied,Data Ã  mettre Ã  jour ğŸ—ƒï¸
20415594,Hakimi (Est),Verified,Verfied,Tout est correct âœ…
50408222,Hakimi (Est),Verified,Verfied,Tout est correct âœ…
50408224,Hakimi (Est),Not Verified,Verfied,Data Ã  mettre Ã  jour ğŸ—ƒï¸
20415596,Hakimi (Est),Not Verified,Verfied,Data Ã  mettre Ã  jour ğŸ—ƒï¸
50408208,Hakimi (Est),Not Verified,Verfied,Data Ã  mettre Ã  jour ğŸ—ƒï¸
50408209,Hakimi (Est),Not Verified,Verfied,Data Ã  mettre Ã  jour ğŸ—ƒï¸
50408210,Hakimi (Est),Not Verified,Verfied,Data Ã  mettre Ã  jour ğŸ—ƒï¸
30711607,Hakimi (Est),Verified,Verfied,Tout est correct âœ…
20415597,Hakimi (Est),Verified,Verfied,Tout est correct âœ…
20415598,Hakimi (Est),Verified,Verfied,Tout est correct âœ…
50408212,Hakimi (Est),Verified,Verfied,Tout est correct âœ…
20415600,Burhani (Sainte-Marie),Verified,Verfied,Tout est correct âœ…
50408214,Burhani (Sainte-Marie),Verified,Verfied,Tout est correct âœ…
20415601,Hakimi (Est),Not Verified,Verfied,Data Ã  mettre Ã  jour ğŸ—ƒï¸
20415602,Hakimi (Est),Verified,Verfied,Tout est correct âœ…
50408217,Hakimi (Est),Verified,Verfied,Tout est correct âœ…
50408219,Hakimi (Est),Verified,Verfied,Tout est correct âœ…
20415603,Hakimi (Est),Not Verified,Verfied,Data Ã  mettre Ã  jour ğŸ—ƒï¸
50408220,Hakimi (Est),Verified,Verfied,Tout est correct âœ…
50408221,Hakimi (Est),Verified,Verfied,Tout est correct âœ…
40417109,Hakimi (Est),Verified,Verfied,Tout est correct âœ…
30444103,Hakimi (Est),Verified,Verfied,Tout est correct âœ…
50190390,Hakimi (Est),Verified,Verfied,Tout est correct âœ…
50210549,Hakimi (Est),Verified,Verfied,Tout est correct âœ…
20415604,,Not Verified,Not Verified,Data et photo Ã  mettre Ã  jour âŒ
50408213,Hakimi (Est),Verified,Verfied,Tout est correct âœ…
20415607,Hakimi (Est),Verified,Verfied,Tout est correct âœ…
50408230,Hakimi (Est),Verified,Verfied,Tout est correct âœ…
30804756,Hakimi (Est),Verified,Verfied,Tout est correct âœ…
50496978,Najmi (Ouest),Verified,Verfied,Tout est correct âœ…
20415608,Najmi (Ouest),Verified,Verfied,Tout est correct âœ…
50487897,Najmi (Ouest),Verified,Verfied,Tout est correct âœ…
50487898,Najmi (Ouest),Verified,Verfied,Tout est correct âœ…
50487900,Najmi (Ouest),Verified,Verfied,Tout est correct âœ…
50496979,Najmi (Ouest),Verified,Verfied,Tout est correct âœ…
20415609,Hakimi (Est),Verified,Verfied,Tout est correct âœ…
50408236,Hakimi (Est),Verified,Verfied,Tout est correct âœ…
50408239,Hakimi (Est),Verified,Verfied,Tout est correct âœ…
20415610,Hakimi (Est),Verified,Verfied,Tout est correct âœ…
50408211,Hakimi (Est),Verified,Verfied,Tout est correct âœ…
20415611,Hakimi (Est),Verified,Verfied,Tout est correct âœ…
50408232,Hakimi (Est),Verified,Verfied,Tout est correct âœ…
50408234,Hakimi (Est),Verified,Verfied,Tout est correct âœ…
20415613,Saifee (Saint-Denis),Verified,Verfied,Tout est correct âœ…
40469934,Saifee (Saint-Denis),Verified,Verfied,Tout est correct âœ…
40469936,Saifee (Saint-Denis),Verified,Verfied,Tout est correct âœ…
40469935,Saifee (Saint-Denis),Verified,Verfied,Tout est correct âœ…
40469933,Badri (Sainte-Clotilde),Verified,Verfied,Tout est correct âœ…
20415614,Badri (Sainte-Clotilde),Verified,Verfied,Tout est correct âœ…
20415631,Qutbi (Saint-Denis),Verified,Verfied,Tout est correct âœ…
50487854,Qutbi (Saint-Denis),Verified,Verfied,Tout est correct âœ…
50487855,Qutbi (Saint-Denis),Verified,Verfied,Tout est correct âœ…
20415633,Saifee (Saint-Denis),Verified,Verfied,Tout est correct âœ…
50487827,Saifee (Saint-Denis),Verified,Verfied,Tout est correct âœ…
50487804,Qutbi (Saint-Denis),Verified,Verfied,Tout est correct âœ…
20415634,Qutbi (Saint-Denis),Verified,Verfied,Tout est correct âœ…
20415635,Badri (Sainte-Clotilde),Verified,Verfied,Tout est correct âœ…
50487812,Badri (Sainte-Clotilde),Verified,Verfied,Tout est correct âœ…
20415638,Saifee (Saint-Denis),Verified,Verfied,Tout est correct âœ…
50487810,Saifee (Saint-Denis),Verified,Verfied,Tout est correct âœ…
20415639,Saifee (Saint-Denis),Verified,Verfied,Tout est correct âœ…
50487808,Saifee (Saint-Denis),Verified,Verfied,Tout est correct âœ…
30919671,Saifee (Saint-Denis),Verified,Verfied,Tout est correct âœ…
30919672,Saifee (Saint-Denis),Verified,Verfied,Tout est correct âœ…
20415640,Saifee (Saint-Denis),Verified,Verfied,Tout est correct âœ…
50487809,Saifee (Saint-Denis),Verified,Verfied,Tout est correct âœ…
50487807,Saifee (Saint-Denis),Verified,Verfied,Tout est correct âœ…
20415641,Saifee (Saint-Denis),Verified,Verfied,Tout est correct âœ…
30922270,Saifee (Saint-Denis),Verified,Verfied,Tout est correct âœ…
30922271,Saifee (Saint-Denis),Verified,Verfied,Tout est correct âœ…
30801448,Saifee (Saint-Denis),Verified,Verfied,Tout est correct âœ…
30800192,Qutbi (Saint-Denis),Verified,Verfied,Tout est correct âœ…
20415642,Qutbi (Saint-Denis),Verified,Verfied,Tout est correct âœ…
30600346,Qutbi (Saint-Denis),Verified,Verfied,Tout est correct âœ…
30600348,Qutbi (Saint-Denis),Verified,Verfied,Tout est correct âœ…
50180016,Qutbi (Saint-Denis),Verified,Verfied,Tout est correct âœ…
20415643,Saifee (Saint-Denis),Verified,Verfied,Tout est correct âœ…
50487813,Saifee (Saint-Denis),Not Verified,Verfied,Data Ã  mettre Ã  jour ğŸ—ƒï¸
30905877,Saifee (Saint-Denis),Not Verified,Verfied,Data Ã  mettre Ã  jour ğŸ—ƒï¸
20415644,Badri (Sainte-Clotilde),Verified,Verfied,Tout est correct âœ…
50487814,Badri (Sainte-Clotilde),Verified,Verfied,Tout est correct âœ…
20415646,Qutbi (Saint-Denis),Not Verified,Verfied,Data Ã  mettre Ã  jour ğŸ—ƒï¸
50487817,Qutbi (Saint-Denis),Not Verified,Verfied,Data Ã  mettre Ã  jour ğŸ—ƒï¸
20415650,Saifee (Saint-Denis),Verified,Verfied,Tout est correct âœ…
50496987,Saifee (Saint-Denis),Verified,Verfied,Tout est correct âœ…
40469963,Saifee (Saint-Denis),Verified,Verfied,Tout est correct âœ…
20415651,Badri (Sainte-Clotilde),Not Verified,Verfied,Data Ã  mettre Ã  jour ğŸ—ƒï¸
50487836,Badri (Sainte-Clotilde),Verified,Verfied,Tout est correct âœ…
50487837,Badri (Sainte-Clotilde),Not Verified,Verfied,Data Ã  mettre Ã  jour ğŸ—ƒï¸
30926174,Badri (Sainte-Clotilde),Not Verified,Verfied,Data Ã  mettre Ã  jour ğŸ—ƒï¸
50487839,Badri (Sainte-Clotilde),Not Verified,Verfied,Data Ã  mettre Ã  jour ğŸ—ƒï¸
20415652,Qutbi (Saint-Denis),Verified,Verfied,Tout est correct âœ…
20415653,Qutbi (Saint-Denis),Not Verified,Verfied,Data Ã  mettre Ã  jour ğŸ—ƒï¸
50487818,Qutbi (Saint-Denis),Not Verified,Verfied,Data Ã  mettre Ã  jour ğŸ—ƒï¸
20415654,Husaini (Sainte-Clotilde),Verified,Verfied,Tout est correct âœ…
20415656,Qutbi (Saint-Denis),Not Verified,Verfied,Data Ã  mettre Ã  jour ğŸ—ƒï¸
50487815,Qutbi (Saint-Denis),Not Verified,Verfied,Data Ã  mettre Ã  jour ğŸ—ƒï¸
20415745,Qutbi (Saint-Denis),Verified,Verfied,Tout est correct âœ…
20415657,Qutbi (Saint-Denis),Verified,Verfied,Tout est correct âœ…
50487835,Qutbi (Saint-Denis),Verified,Verfied,Tout est correct âœ…
30919676,Qutbi (Saint-Denis),Verified,Verfied,Tout est correct âœ…
30919677,Qutbi (Saint-Denis),Verified,Verfied,Tout est correct âœ…
20415659,Burhani (Sainte-Marie),Verified,Verfied,Tout est correct âœ…
50487840,Burhani (Sainte-Marie),Verified,Verfied,Tout est correct âœ…
50487841,Burhani (Sainte-Marie),Verified,Verfied,Tout est correct âœ…
20415660,Husaini (Sainte-Clotilde),Verified,Verfied,Tout est correct âœ…
50487843,Husaini (Sainte-Clotilde),Verified,Verfied,Tout est correct âœ…
50487844,Husaini (Sainte-Clotilde),Verified,Verfied,Tout est correct âœ…
50487845,Husaini (Sainte-Clotilde),Verified,Verfied,Tout est correct âœ…
50470705,Husaini (Sainte-Clotilde),Verified,Verfied,Tout est correct âœ…
30801473,Badri (Sainte-Clotilde),Verified,Verfied,Tout est correct âœ…
20415661,Badri (Sainte-Clotilde),Verified,Verfied,Tout est correct âœ…
30801474,Badri (Sainte-Clotilde),Verified,Verfied,Tout est correct âœ…
20415663,Ezzi (Sainte-Clotilde),Verified,Verfied,Tout est correct âœ…
50487857,Ezzi (Sainte-Clotilde),Verified,Verfied,Tout est correct âœ…
50487856,Ezzi (Sainte-Clotilde),Verified,Verfied,Tout est correct âœ…
30925368,Ezzi (Sainte-Clotilde),Verified,Verfied,Tout est correct âœ…
20415664,Husaini (Sainte-Clotilde),Verified,Verfied,Tout est correct âœ…
50487859,Husaini (Sainte-Clotilde),Verified,Verfied,Tout est correct âœ…
50487861,Husaini (Sainte-Clotilde),Verified,Verfied,Tout est correct âœ…
50487860,Husaini (Sainte-Clotilde),Verified,Verfied,Tout est correct âœ…
20415668,Zaini (Sainte-Clotilde),Verified,Verfied,Tout est correct âœ…
20415669,Burhani (Sainte-Marie),Verified,Verfied,Tout est correct âœ…
50487869,Burhani (Sainte-Marie),Verified,Verfied,Tout est correct âœ…
50487872,Burhani (Sainte-Marie),Verified,Verfied,Tout est correct âœ…
20415671,Ezzi (Sainte-Clotilde),Verified,Verfied,Tout est correct âœ…
50487874,Ezzi (Sainte-Clotilde),Verified,Verfied,Tout est correct âœ…
20415672,Ezzi (Sainte-Clotilde),Verified,Verfied,Tout est correct âœ…
50487875,Ezzi (Sainte-Clotilde),Verified,Verfied,Tout est correct âœ…
20415674,Husaini (Sainte-Clotilde),Verified,Verfied,Tout est correct âœ…
50487877,Husaini (Sainte-Clotilde),Verified,Verfied,Tout est correct âœ…
50487879,Husaini (Sainte-Clotilde),Verified,Verfied,Tout est correct âœ…
40470087,Husaini (Sainte-Clotilde),Verified,Verfied,Tout est correct âœ…
50470712,Husaini (Sainte-Clotilde),Verified,Verfied,Tout est correct âœ…
20415675,Saifee (Saint-Denis),Verified,Verfied,Tout est correct âœ…
50182563,Saifee (Saint-Denis),Verified,Not Verified,Photo Ã  mettre Ã  jour ğŸ“·
20415676,Husaini (Sainte-Clotilde),Not Verified,Verfied,Data Ã  mettre Ã  jour ğŸ—ƒï¸
50487882,Husaini (Sainte-Clotilde),Not Verified,Verfied,Data Ã  mettre Ã  jour ğŸ—ƒï¸
50487885,Husaini (Sainte-Clotilde),Not Verified,Not Verified,Data et photo Ã  mettre Ã  jour âŒ
50487883,Husaini (Sainte-Clotilde),Not Verified,Not Verified,Data et photo Ã  mettre Ã  jour âŒ
30412791,Badri (Sainte-Clotilde),Verified,Verfied,Tout est correct âœ…
20415677,Badri (Sainte-Clotilde),Verified,Verfied,Tout est correct âœ…
30150932,Badri (Sainte-Clotilde),Verified,Verfied,Tout est correct âœ…
50487887,Badri (Sainte-Clotilde),Not Verified,Verfied,Data Ã  mettre Ã  jour ğŸ—ƒï¸
50487886,Badri (Sainte-Clotilde),Verified,Verfied,Tout est correct âœ…
40470060,Badri (Sainte-Clotilde),Verified,Verfied,Tout est correct âœ…
40192490,Badri (Sainte-Clotilde),Verified,Verfied,Tout est correct âœ…
40192482,Badri (Sainte-Clotilde),Verified,Not Verified,Photo Ã  mettre Ã  jour ğŸ“·
20415678,Qutbi (Saint-Denis),Verified,Verfied,Tout est correct âœ…
50487888,Qutbi (Saint-Denis),Verified,Verfied,Tout est correct âœ…
50487889,Qutbi (Saint-Denis),Verified,Verfied,Tout est correct âœ…
50487890,Qutbi (Saint-Denis),Verified,Verfied,Tout est correct âœ…
40456535,Qutbi (Saint-Denis),Verified,Verfied,Tout est correct âœ…
50230389,Qutbi (Saint-Denis),Verified,Verfied,Tout est correct âœ…
50487893,Saifee (Saint-Denis),Verified,Verfied,Tout est correct âœ…
20415679,Saifee (Saint-Denis),Verified,Verfied,Tout est correct âœ…
50487891,Saifee (Saint-Denis),Verified,Verfied,Tout est correct âœ…
20415680,Qutbi (Saint-Denis),Not Verified,Verfied,Data Ã  mettre Ã  jour ğŸ—ƒï¸
50487894,Qutbi (Saint-Denis),Not Verified,Verfied,Data Ã  mettre Ã  jour ğŸ—ƒï¸
20415681,Burhani (Sainte-Marie),Verified,Verfied,Tout est correct âœ…
50487895,Burhani (Sainte-Marie),Verified,Verfied,Tout est correct âœ…
50470702,Burhani (Sainte-Marie),Verified,Verfied,Tout est correct âœ…
20415683,Najmi (Ouest),Verified,Verfied,Tout est correct âœ…
50496981,Najmi (Ouest),Verified,Verfied,Tout est correct âœ…
20415685,Husaini (Sainte-Clotilde),Verified,Verfied,Tout est correct âœ…
40469959,Husaini (Sainte-Clotilde),Verified,Verfied,Tout est correct âœ…
50496985,Husaini (Sainte-Clotilde),Verified,Verfied,Tout est correct âœ…
30901329,Taheri (Sud),Not Verified,Verfied,Data Ã  mettre Ã  jour ğŸ—ƒï¸
20415686,Taheri (Sud),Not Verified,Not Verified,Data et photo Ã  mettre Ã  jour âŒ
50180015,Taheri (Sud),Not Verified,Verfied,Data Ã  mettre Ã  jour ğŸ—ƒï¸
20415687,Badri (Sainte-Clotilde),Verified,Verfied,Tout est correct âœ…
60416309,Badri (Sainte-Clotilde),Verified,Verfied,Tout est correct âœ…
60416308,Badri (Sainte-Clotilde),Verified,Verfied,Tout est correct âœ…
60416310,Badri (Sainte-Clotilde),Verified,Verfied,Tout est correct âœ…
20415688,,Not Verified,Verfied,Data Ã  mettre Ã  jour ğŸ—ƒï¸
20415689,Badri (Sainte-Clotilde),Verified,Verfied,Tout est correct âœ…
60416322,Badri (Sainte-Clotilde),Verified,Verfied,Tout est correct âœ…
60416323,Badri (Sainte-Clotilde),Verified,Verfied,Tout est correct âœ…
60416324,Badri (Sainte-Clotilde),Verified,Verfied,Tout est correct âœ…
40470017,Badri (Sainte-Clotilde),Verified,Verfied,Tout est correct âœ…
30926170,Badri (Sainte-Clotilde),Verified,Verfied,Tout est correct âœ…
30926171,Badri (Sainte-Clotilde),Verified,Verfied,Tout est correct âœ…
50181432,Badri (Sainte-Clotilde),Verified,Verfied,Tout est correct âœ…
20415690,Badri (Sainte-Clotilde),Verified,Verfied,Tout est correct âœ…
60416325,Badri (Sainte-Clotilde),Verified,Verfied,Tout est correct âœ…
60416326,Badri (Sainte-Clotilde),Verified,Verfied,Tout est correct âœ…
60416327,Qutbi (Saint-Denis),Verified,Verfied,Tout est correct âœ…
20415691,Qutbi (Saint-Denis),Verified,Verfied,Tout est correct âœ…
60416328,Badri (Sainte-Clotilde),Verified,Verfied,Tout est correct âœ…
20415693,Badri (Sainte-Clotilde),Verified,Verfied,Tout est correct âœ…
60416329,Badri (Sainte-Clotilde),Verified,Verfied,Tout est correct âœ…
30921862,Badri (Sainte-Clotilde),Verified,Verfied,Tout est correct âœ…
30921863,Badri (Sainte-Clotilde),Verified,Verfied,Tout est correct âœ…
20415694,Najmi (Ouest),Verified,Verfied,Tout est correct âœ…
60416330,Najmi (Ouest),Verified,Verfied,Tout est correct âœ…
20415696,Badri (Sainte-Clotilde),Verified,Verfied,Tout est correct âœ…
60416336,Badri (Sainte-Clotilde),Verified,Verfied,Tout est correct âœ…
50210954,Badri (Sainte-Clotilde),Verified,Not Verified,Photo Ã  mettre Ã  jour ğŸ“·
60416335,Badri (Sainte-Clotilde),Verified,Not Verified,Photo Ã  mettre Ã  jour ğŸ“·
20415697,Badri (Sainte-Clotilde),Not Verified,Verfied,Data Ã  mettre Ã  jour ğŸ—ƒï¸
20415698,Husaini (Sainte-Clotilde),Verified,Verfied,Tout est correct âœ…
60416342,Husaini (Sainte-Clotilde),Verified,Verfied,Tout est correct âœ…
50192032,Husaini (Sainte-Clotilde),Verified,Verfied,Tout est correct âœ…
50470724,Husaini (Sainte-Clotilde),Verified,Verfied,Tout est correct âœ…
20415699,Husaini (Sainte-Clotilde),Verified,Verfied,Tout est correct âœ…
60416343,Husaini (Sainte-Clotilde),Verified,Verfied,Tout est correct âœ…
60416344,Husaini (Sainte-Clotilde),Verified,Verfied,Tout est correct âœ…
60416345,Husaini (Sainte-Clotilde),Verified,Verfied,Tout est correct âœ…
40469957,Hakimi (Est),Not Verified,Verfied,Data Ã  mettre Ã  jour ğŸ—ƒï¸
20415704,Hakimi (Est),Not Verified,Verfied,Data Ã  mettre Ã  jour ğŸ—ƒï¸
30903247,Najmi (Ouest),Verified,Verfied,Tout est correct âœ…
20415705,Najmi (Ouest),Verified,Verfied,Tout est correct âœ…
40469953,Najmi (Ouest),Verified,Verfied,Tout est correct âœ…
20415706,Badri (Sainte-Clotilde),Verified,Verfied,Tout est correct âœ…
40470013,Badri (Sainte-Clotilde),Verified,Verfied,Tout est correct âœ…
40470014,Badri (Sainte-Clotilde),Verified,Verfied,Tout est correct âœ…
40469950,Badri (Sainte-Clotilde),Verified,Verfied,Tout est correct âœ…
20415707,Zaini (Sainte-Clotilde),Verified,Verfied,Tout est correct âœ…
40470020,Zaini (Sainte-Clotilde),Verified,Verfied,Tout est correct âœ…
40470015,Zaini (Sainte-Clotilde),Verified,Verfied,Tout est correct âœ…
40470016,Zaini (Sainte-Clotilde),Verified,Verfied,Tout est correct âœ…
20415708,Hakimi (Est),Verified,Verfied,Tout est correct âœ…
40469951,Hakimi (Est),Verified,Verfied,Tout est correct âœ…
20415709,Hakimi (Est),Not Verified,Verfied,Data Ã  mettre Ã  jour ğŸ—ƒï¸
40469944,Hakimi (Est),Not Verified,Verfied,Data Ã  mettre Ã  jour ğŸ—ƒï¸
20415710,Ezzi (Sainte-Clotilde),Verified,Verfied,Tout est correct âœ…
20415711,Burhani (Sainte-Marie),Verified,Verfied,Tout est correct âœ…
40469943,Burhani (Sainte-Marie),Verified,Verfied,Tout est correct âœ…
30919687,Burhani (Sainte-Marie),Verified,Verfied,Tout est correct âœ…
50190890,Burhani (Sainte-Marie),Verified,Verfied,Tout est correct âœ…
20415715,Saifee (Saint-Denis),Verified,Verfied,Tout est correct âœ…
60416349,Saifee (Saint-Denis),Verified,Verfied,Tout est correct âœ…
20415716,Burhani (Sainte-Marie),Verified,Verfied,Tout est correct âœ…
50496908,Burhani (Sainte-Marie),Verified,Verfied,Tout est correct âœ…
60416346,Burhani (Sainte-Marie),Verified,Verfied,Tout est correct âœ…
50496920,Zaini (Sainte-Clotilde),Verified,Verfied,Tout est correct âœ…
20415717,Zaini (Sainte-Clotilde),Verified,Verfied,Tout est correct âœ…
20415719,Husaini (Sainte-Clotilde),Verified,Verfied,Tout est correct âœ…
50496901,Husaini (Sainte-Clotilde),Verified,Verfied,Tout est correct âœ…
50496904,Burhani (Sainte-Marie),Verified,Verfied,Tout est correct âœ…
50496941,Burhani (Sainte-Marie),Verified,Verfied,Tout est correct âœ…
20415721,Burhani (Sainte-Marie),Verified,Verfied,Tout est correct âœ…
50496942,Burhani (Sainte-Marie),Verified,Verfied,Tout est correct âœ…
30910339,Burhani (Sainte-Marie),Verified,Verfied,Tout est correct âœ…
20415722,Ezzi (Sainte-Clotilde),Verified,Verfied,Tout est correct âœ…
20415723,Husaini (Sainte-Clotilde),Verified,Verfied,Tout est correct âœ…
20415725,Husaini (Sainte-Clotilde),Verified,Verfied,Tout est correct âœ…
50496905,Husaini (Sainte-Clotilde),Verified,Verfied,Tout est correct âœ…
40469941,Husaini (Sainte-Clotilde),Verified,Not Verified,Photo Ã  mettre Ã  jour ğŸ“·
20415726,Husaini (Sainte-Clotilde),Verified,Verfied,Tout est correct âœ…
50496906,Husaini (Sainte-Clotilde),Verified,Verfied,Tout est correct âœ…
30921476,Husaini (Sainte-Clotilde),Verified,Verfied,Tout est correct âœ…
50240355,Husaini (Sainte-Clotilde),Verified,Verfied,Tout est correct âœ…
30921477,Husaini (Sainte-Clotilde),Verified,Verfied,Tout est correct âœ…
20415727,Badri (Sainte-Clotilde),Verified,Verfied,Tout est correct âœ…
30910324,Badri (Sainte-Clotilde),Verified,Verfied,Tout est correct âœ…
20415730,Husaini (Sainte-Clotilde),Verified,Verfied,Tout est correct âœ…
50496913,Husaini (Sainte-Clotilde),Verified,Verfied,Tout est correct âœ…
20415731,Zaini (Sainte-Clotilde),Verified,Verfied,Tout est correct âœ…
20415732,Husaini (Sainte-Clotilde),Verified,Verfied,Tout est correct âœ…
50496914,Husaini (Sainte-Clotilde),Verified,Verfied,Tout est correct âœ…
20415733,Husaini (Sainte-Clotilde),Verified,Verfied,Tout est correct âœ…
50496918,Husaini (Sainte-Clotilde),Verified,Verfied,Tout est correct âœ…
50487825,Husaini (Sainte-Clotilde),Verified,Verfied,Tout est correct âœ…
20415734,Ezzi (Sainte-Clotilde),Verified,Verfied,Tout est correct âœ…
50496958,Ezzi (Sainte-Clotilde),Verified,Verfied,Tout est correct âœ…
50496960,Ezzi (Sainte-Clotilde),Verified,Verfied,Tout est correct âœ…
50496959,Ezzi (Sainte-Clotilde),Verified,Verfied,Tout est correct âœ…
20415735,Badri (Sainte-Clotilde),Verified,Verfied,Tout est correct âœ…
50496919,Badri (Sainte-Clotilde),Verified,Verfied,Tout est correct âœ…
20415737,Zaini (Sainte-Clotilde),Verified,Verfied,Tout est correct âœ…
50496921,Zaini (Sainte-Clotilde),Verified,Verfied,Tout est correct âœ…
20415738,Burhani (Sainte-Marie),Verified,Verfied,Tout est correct âœ…
50496922,Burhani (Sainte-Marie),Verified,Verfied,Tout est correct âœ…
50496925,Burhani (Sainte-Marie),Verified,Verfied,Tout est correct âœ…
20415739,Zaini (Sainte-Clotilde),Verified,Verfied,Tout est correct âœ…
50496929,Zaini (Sainte-Clotilde),Verified,Verfied,Tout est correct âœ…
20415740,Badri (Sainte-Clotilde),Verified,Verfied,Tout est correct âœ…
50496932,Badri (Sainte-Clotilde),Verified,Verfied,Tout est correct âœ…
20415741,Husaini (Sainte-Clotilde),Verified,Verfied,Tout est correct âœ…
50496935,Husaini (Sainte-Clotilde),Verified,Verfied,Tout est correct âœ…
50496936,Husaini (Sainte-Clotilde),Verified,Verfied,Tout est correct âœ…
50496937,Husaini (Sainte-Clotilde),Verified,Verfied,Tout est correct âœ…
20415743,Najmi (Ouest),Not Verified,Not Verified,Data et photo Ã  mettre Ã  jour âŒ
50192157,Najmi (Ouest),Not Verified,Verfied,Data Ã  mettre Ã  jour ğŸ—ƒï¸
20415744,Zaini (Sainte-Clotilde),Verified,Verfied,Tout est correct âœ…
20415746,Burhani (Sainte-Marie),Verified,Verfied,Tout est correct âœ…
50496948,Burhani (Sainte-Marie),Verified,Verfied,Tout est correct âœ…
40470086,Burhani (Sainte-Marie),Verified,Verfied,Tout est correct âœ…
20415748,Husaini (Sainte-Clotilde),Verified,Verfied,Tout est correct âœ…
60416302,Husaini (Sainte-Clotilde),Verified,Verfied,Tout est correct âœ…
50182204,Husaini (Sainte-Clotilde),Verified,Verfied,Tout est correct âœ…
50182203,Husaini (Sainte-Clotilde),Verified,Verfied,Tout est correct âœ…
20323975,Zaini (Sainte-Clotilde),Not Verified,Verfied,Data Ã  mettre Ã  jour ğŸ—ƒï¸
20415750,Zaini (Sainte-Clotilde),Verified,Verfied,Tout est correct âœ…
60416315,Zaini (Sainte-Clotilde),Not Verified,Verfied,Data Ã  mettre Ã  jour ğŸ—ƒï¸
20415751,Zaini (Sainte-Clotilde),Verified,Verfied,Tout est correct âœ…
60416304,Zaini (Sainte-Clotilde),Verified,Verfied,Tout est correct âœ…
60416306,Zaini (Sainte-Clotilde),Verified,Verfied,Tout est correct âœ…
60416307,Zaini (Sainte-Clotilde),Verified,Verfied,Tout est correct âœ…
20415752,Badri (Sainte-Clotilde),Verified,Verfied,Tout est correct âœ…
50496951,Badri (Sainte-Clotilde),Verified,Verfied,Tout est correct âœ…
50496954,Badri (Sainte-Clotilde),Not Verified,Verfied,Data Ã  mettre Ã  jour ğŸ—ƒï¸
20415753,Saifee (Saint-Denis),Verified,Verfied,Tout est correct âœ…
50496955,Saifee (Saint-Denis),Verified,Verfied,Tout est correct âœ…
50496956,Saifee (Saint-Denis),Verified,Verfied,Tout est correct âœ…
50496957,Saifee (Saint-Denis),Verified,Verfied,Tout est correct âœ…
30914497,Saifee (Saint-Denis),Verified,Verfied,Tout est correct âœ…
20415754,Husaini (Sainte-Clotilde),Verified,Verfied,Tout est correct âœ…
50496961,Husaini (Sainte-Clotilde),Verified,Verfied,Tout est correct âœ…
50496963,Husaini (Sainte-Clotilde),Verified,Verfied,Tout est correct âœ…
20415755,Husaini (Sainte-Clotilde),Verified,Verfied,Tout est correct âœ…
50496965,Qutbi (Saint-Denis),Verified,Verfied,Tout est correct âœ…
20415756,Qutbi (Saint-Denis),Verified,Verfied,Tout est correct âœ…
50496968,Hakimi (Est),Verified,Verfied,Tout est correct âœ…
20415759,Hakimi (Est),Verified,Verfied,Tout est correct âœ…
50496972,Hakimi (Est),Verified,Verfied,Tout est correct âœ…
40470092,Hakimi (Est),Verified,Verfied,Tout est correct âœ…
20415760,Najmi (Ouest),Verified,Verfied,Tout est correct âœ…
30801454,Najmi (Ouest),Verified,Verfied,Tout est correct âœ…
30801455,Najmi (Ouest),Verified,Verfied,Tout est correct âœ…
30801456,Najmi (Ouest),Verified,Verfied,Tout est correct âœ…
50470709,Najmi (Ouest),Verified,Verfied,Tout est correct âœ…
20415762,Husaini (Sainte-Clotilde),Verified,Verfied,Tout est correct âœ…
50496973,Husaini (Sainte-Clotilde),Verified,Verfied,Tout est correct âœ…
50496975,Husaini (Sainte-Clotilde),Verified,Verfied,Tout est correct âœ…
50496976,Husaini (Sainte-Clotilde),Verified,Verfied,Tout est correct âœ…
50496974,Husaini (Sainte-Clotilde),Verified,Verfied,Tout est correct âœ…
20377926,Zaini (Sainte-Clotilde),Verified,Verfied,Tout est correct âœ…
40453150,Zaini (Sainte-Clotilde),Verified,Verfied,Tout est correct âœ…
50496977,Zaini (Sainte-Clotilde),Verified,Verfied,Tout est correct âœ…
20415763,Zaini (Sainte-Clotilde),Verified,Verfied,Tout est correct âœ…
20600023,Husaini (Sainte-Clotilde),Verified,Verfied,Tout est correct âœ…
30611990,Husaini (Sainte-Clotilde),Verified,Verfied,Tout est correct âœ…
30910329,Husaini (Sainte-Clotilde),Verified,Verfied,Tout est correct âœ…
30910330,Husaini (Sainte-Clotilde),Verified,Verfied,Tout est correct âœ…
30142384,Badri (Sainte-Clotilde),Not Verified,Verfied,Data Ã  mettre Ã  jour ğŸ—ƒï¸
30142385,,Not Verified,Verfied,Data Ã  mettre Ã  jour ğŸ—ƒï¸
30142386,,Not Verified,Verfied,Data Ã  mettre Ã  jour ğŸ—ƒï¸
30142387,,Not Verified,Verfied,Data Ã  mettre Ã  jour ğŸ—ƒï¸
30142497,Husaini (Sainte-Clotilde),Not Verified,Verfied,Data Ã  mettre Ã  jour ğŸ—ƒï¸
30142498,Husaini (Sainte-Clotilde),Not Verified,Verfied,Data Ã  mettre Ã  jour ğŸ—ƒï¸
30142499,Husaini (Sainte-Clotilde),Not Verified,Verfied,Data Ã  mettre Ã  jour ğŸ—ƒï¸
30150001,Hakimi (Est),Not Verified,Verfied,Data Ã  mettre Ã  jour ğŸ—ƒï¸
30150002,Hakimi (Est),Not Verified,Verfied,Data Ã  mettre Ã  jour ğŸ—ƒï¸
30150003,Hakimi (Est),Not Verified,Verfied,Data Ã  mettre Ã  jour ğŸ—ƒï¸
30801344,Hakimi (Est),Not Verified,Verfied,Data Ã  mettre Ã  jour ğŸ—ƒï¸
30150004,Hakimi (Est),Not Verified,Verfied,Data Ã  mettre Ã  jour ğŸ—ƒï¸
30154616,Hakimi (Est),Not Verified,Verfied,Data Ã  mettre Ã  jour ğŸ—ƒï¸
50160424,Hakimi (Est),Verified,Verfied,Tout est correct âœ…
50183822,Hakimi (Est),Not Verified,Verfied,Data Ã  mettre Ã  jour ğŸ—ƒï¸
30391511,Badri (Sainte-Clotilde),Not Verified,Verfied,Data Ã  mettre Ã  jour ğŸ—ƒï¸
30391560,Najmi (Ouest),Verified,Verfied,Tout est correct âœ…
40470099,Najmi (Ouest),Verified,Verfied,Tout est correct âœ…
50470708,Najmi (Ouest),Verified,Verfied,Tout est correct âœ…
30391715,Saifee (Saint-Denis),Verified,Verfied,Tout est correct âœ…
30804864,Saifee (Saint-Denis),Verified,Verfied,Tout est correct âœ…
40194744,Saifee (Saint-Denis),Verified,Not Verified,Photo Ã  mettre Ã  jour ğŸ“·
50161398,Najmi (Ouest),Verified,Verfied,Tout est correct âœ…
30391721,Najmi (Ouest),Verified,Verfied,Tout est correct âœ…
30392512,Badri (Sainte-Clotilde),Verified,Verfied,Tout est correct âœ…
30917934,Badri (Sainte-Clotilde),Verified,Verfied,Tout est correct âœ…
30392755,Badri (Sainte-Clotilde),Verified,Verfied,Tout est correct âœ…
30392790,Badri (Sainte-Clotilde),Verified,Verfied,Tout est correct âœ…
30901555,Badri (Sainte-Clotilde),Verified,Verfied,Tout est correct âœ…
30901556,Badri (Sainte-Clotilde),Verified,Verfied,Tout est correct âœ…
30392759,Zaini (Sainte-Clotilde),Verified,Verfied,Tout est correct âœ…
30705592,Zaini (Sainte-Clotilde),Verified,Verfied,Tout est correct âœ…
30901560,Zaini (Sainte-Clotilde),Verified,Verfied,Tout est correct âœ…
30901559,Zaini (Sainte-Clotilde),Verified,Verfied,Tout est correct âœ…
30910885,Zaini (Sainte-Clotilde),Verified,Verfied,Tout est correct âœ…
50170382,Zaini (Sainte-Clotilde),Verified,Verfied,Tout est correct âœ…
30392789,Saifee (Saint-Denis),Not Verified,Verfied,Data Ã  mettre Ã  jour ğŸ—ƒï¸
30392791,Saifee (Saint-Denis),Verified,Verfied,Tout est correct âœ…
30392792,Saifee (Saint-Denis),Verified,Verfied,Tout est correct âœ…
30916688,Saifee (Saint-Denis),Verified,Verfied,Tout est correct âœ…
30412261,Burhani (Sainte-Marie),Verified,Verfied,Tout est correct âœ…
30308053,Burhani (Sainte-Marie),Verified,Verfied,Tout est correct âœ…
30412565,Saifee (Saint-Denis),Verified,Verfied,Tout est correct âœ…
30412328,Saifee (Saint-Denis),Verified,Verfied,Tout est correct âœ…
30412347,Badri (Sainte-Clotilde),Verified,Verfied,Tout est correct âœ…
30412300,Badri (Sainte-Clotilde),Not Verified,Verfied,Data Ã  mettre Ã  jour ğŸ—ƒï¸
50219944,Badri (Sainte-Clotilde),Not Verified,Verfied,Data Ã  mettre Ã  jour ğŸ—ƒï¸
40193961,Badri (Sainte-Clotilde),Not Verified,Verfied,Data Ã  mettre Ã  jour ğŸ—ƒï¸
30412458,Hakimi (Est),Verified,Verfied,Tout est correct âœ…
30711595,Hakimi (Est),Verified,Verfied,Tout est correct âœ…
50203137,Hakimi (Est),Verified,Not Verified,Photo Ã  mettre Ã  jour ğŸ“·
50203136,Hakimi (Est),Verified,Not Verified,Photo Ã  mettre Ã  jour ğŸ“·
20340602,Saifee (Saint-Denis),Verified,Verfied,Tout est correct âœ…
30412517,Saifee (Saint-Denis),Verified,Verfied,Tout est correct âœ…
40469988,Saifee (Saint-Denis),Verified,Verfied,Tout est correct âœ…
50182167,Saifee (Saint-Denis),Verified,Verfied,Tout est correct âœ…
30412595,Zaini (Sainte-Clotilde),Verified,Verfied,Tout est correct âœ…
30412723,Qutbi (Saint-Denis),Verified,Verfied,Tout est correct âœ…
50162939,Qutbi (Saint-Denis),Verified,Verfied,Tout est correct âœ…
50162940,Qutbi (Saint-Denis),Verified,Verfied,Tout est correct âœ…
40193962,Qutbi (Saint-Denis),Verified,Not Verified,Photo Ã  mettre Ã  jour ğŸ“·
30412940,Zaini (Sainte-Clotilde),Verified,Verfied,Tout est correct âœ…
30412939,Zaini (Sainte-Clotilde),Verified,Verfied,Tout est correct âœ…
30412990,,Not Verified,Verfied,Data Ã  mettre Ã  jour ğŸ—ƒï¸
30425941,Qutbi (Saint-Denis),Verified,Verfied,Tout est correct âœ…
50487802,Qutbi (Saint-Denis),Verified,Verfied,Tout est correct âœ…
50203178,Qutbi (Saint-Denis),Verified,Verfied,Tout est correct âœ…
50240478,Qutbi (Saint-Denis),Verified,Verfied,Tout est correct âœ…
30437118,Najmi (Ouest),Verified,Verfied,Tout est correct âœ…
30437239,Qutbi (Saint-Denis),Verified,Verfied,Tout est correct âœ…
50429094,Qutbi (Saint-Denis),Verified,Verfied,Tout est correct âœ…
50470710,Qutbi (Saint-Denis),Verified,Verfied,Tout est correct âœ…
50180601,Qutbi (Saint-Denis),Verified,Verfied,Tout est correct âœ…
30437260,Badri (Sainte-Clotilde),Not Verified,Not Verified,Data et photo Ã  mettre Ã  jour âŒ
30437292,Hakimi (Est),Verified,Verfied,Tout est correct âœ…
30711763,Hakimi (Est),Verified,Verfied,Tout est correct âœ…
30437121,Hakimi (Est),Verified,Verfied,Tout est correct âœ…
30437181,Hakimi (Est),Verified,Verfied,Tout est correct âœ…
30600349,Burhani (Sainte-Marie),Verified,Verfied,Tout est correct âœ…
30600350,Burhani (Sainte-Marie),Verified,Verfied,Tout est correct âœ…
30923855,Burhani (Sainte-Marie),Verified,Verfied,Tout est correct âœ…
30923856,Burhani (Sainte-Marie),Verified,Verfied,Tout est correct âœ…
30600492,Husaini (Sainte-Clotilde),Verified,Verfied,Tout est correct âœ…
50429090,Husaini (Sainte-Clotilde),Verified,Verfied,Tout est correct âœ…
50470750,Husaini (Sainte-Clotilde),Verified,Verfied,Tout est correct âœ…
50180600,Husaini (Sainte-Clotilde),Verified,Verfied,Tout est correct âœ…
40194747,Husaini (Sainte-Clotilde),Verified,Verfied,Tout est correct âœ…
30603186,Qutbi (Saint-Denis),Verified,Verfied,Tout est correct âœ…
30603184,Qutbi (Saint-Denis),Verified,Verfied,Tout est correct âœ…
30910863,Hakimi (Est),Verified,Verfied,Tout est correct âœ…
30603279,Hakimi (Est),Verified,Verfied,Tout est correct âœ…
30927543,Hakimi (Est),Verified,Verfied,Tout est correct âœ…
30160377,Hakimi (Est),Verified,Verfied,Tout est correct âœ…
30603283,Najmi (Ouest),Verified,Verfied,Tout est correct âœ…
30603284,Najmi (Ouest),Verified,Verfied,Tout est correct âœ…
30603286,Hakimi (Est),Verified,Verfied,Tout est correct âœ…
30603287,Hakimi (Est),Verified,Verfied,Tout est correct âœ…
50408243,Hakimi (Est),Verified,Verfied,Tout est correct âœ…
30603289,Burhani (Sainte-Marie),Verified,Verfied,Tout est correct âœ…
30603290,Burhani (Sainte-Marie),Verified,Verfied,Tout est correct âœ…
30603291,Burhani (Sainte-Marie),Verified,Verfied,Tout est correct âœ…
30603292,Burhani (Sainte-Marie),Verified,Verfied,Tout est correct âœ…
30700136,Najmi (Ouest),Not Verified,Verfied,Data Ã  mettre Ã  jour ğŸ—ƒï¸
30700137,Najmi (Ouest),Verified,Verfied,Tout est correct âœ…
30700138,Najmi (Ouest),Not Verified,Not Verified,Data et photo Ã  mettre Ã  jour âŒ
30926217,Najmi (Ouest),Not Verified,Verfied,Data Ã  mettre Ã  jour ğŸ—ƒï¸
30700587,Zaini (Sainte-Clotilde),Not Verified,Verfied,Data Ã  mettre Ã  jour ğŸ—ƒï¸
30700590,Taheri (Sud),Not Verified,Verfied,Data Ã  mettre Ã  jour ğŸ—ƒï¸
30700592,Taheri (Sud),Not Verified,Verfied,Data Ã  mettre Ã  jour ğŸ—ƒï¸
30700593,Taheri (Sud),Verified,Verfied,Tout est correct âœ…
30700594,Taheri (Sud),Not Verified,Verfied,Data Ã  mettre Ã  jour ğŸ—ƒï¸
30700595,Taheri (Sud),Not Verified,Verfied,Data Ã  mettre Ã  jour ğŸ—ƒï¸
30700596,Burhani (Sainte-Marie),Verified,Verfied,Tout est correct âœ…
30700598,Burhani (Sainte-Marie),Verified,Verfied,Tout est correct âœ…
30700599,Burhani (Sainte-Marie),Verified,Verfied,Tout est correct âœ…
30700597,Burhani (Sainte-Marie),Verified,Verfied,Tout est correct âœ…
30700601,Qutbi (Saint-Denis),Not Verified,Not Verified,Data et photo Ã  mettre Ã  jour âŒ
30700877,Najmi (Ouest),Verified,Verfied,Tout est correct âœ…
30700878,Najmi (Ouest),Verified,Verfied,Tout est correct âœ…
30700879,Najmi (Ouest),Verified,Verfied,Tout est correct âœ…
30700880,Najmi (Ouest),Verified,Not Verified,Photo Ã  mettre Ã  jour ğŸ“·
30700881,Najmi (Ouest),Verified,Verfied,Tout est correct âœ…
30700882,Najmi (Ouest),Verified,Verfied,Tout est correct âœ…
30702208,Najmi (Ouest),Verified,Verfied,Tout est correct âœ…
30702209,Najmi (Ouest),Verified,Verfied,Tout est correct âœ…
30702211,Najmi (Ouest),Verified,Verfied,Tout est correct âœ…
30702210,Najmi (Ouest),Verified,Verfied,Tout est correct âœ…
30705587,Zaini (Sainte-Clotilde),Not Verified,Verfied,Data Ã  mettre Ã  jour ğŸ—ƒï¸
30705593,Taheri (Sud),Not Verified,Not Verified,Data et photo Ã  mettre Ã  jour âŒ
30711587,Husaini (Sainte-Clotilde),Verified,Verfied,Tout est correct âœ…
30711588,Husaini (Sainte-Clotilde),Verified,Verfied,Tout est correct âœ…
30711592,Husaini (Sainte-Clotilde),Verified,Verfied,Tout est correct âœ…
30711593,Burhani (Sainte-Marie),Verified,Verfied,Tout est correct âœ…
30711594,Burhani (Sainte-Marie),Verified,Verfied,Tout est correct âœ…
30711597,Badri (Sainte-Clotilde),Verified,Verfied,Tout est correct âœ…
30711598,Badri (Sainte-Clotilde),Verified,Verfied,Tout est correct âœ…
30711601,,Not Verified,Not Verified,Data et photo Ã  mettre Ã  jour âŒ
30924887,,Not Verified,Not Verified,Data et photo Ã  mettre Ã  jour âŒ
30711603,Najmi (Ouest),Not Verified,Verfied,Data Ã  mettre Ã  jour ğŸ—ƒï¸
30711604,Najmi (Ouest),Not Verified,Verfied,Data Ã  mettre Ã  jour ğŸ—ƒï¸
30711605,Najmi (Ouest),Not Verified,Verfied,Data Ã  mettre Ã  jour ğŸ—ƒï¸
30711608,Qutbi (Saint-Denis),Not Verified,Verfied,Data Ã  mettre Ã  jour ğŸ—ƒï¸
30711611,Taheri (Sud),Not Verified,Not Verified,Data et photo Ã  mettre Ã  jour âŒ
30711610,Taheri (Sud),Not Verified,Not Verified,Data et photo Ã  mettre Ã  jour âŒ
30711612,Taheri (Sud),Not Verified,Not Verified,Data et photo Ã  mettre Ã  jour âŒ
30711613,Taheri (Sud),Not Verified,Not Verified,Data et photo Ã  mettre Ã  jour âŒ
30711614,Badri (Sainte-Clotilde),Not Verified,Verfied,Data Ã  mettre Ã  jour ğŸ—ƒï¸
30711615,Badri (Sainte-Clotilde),Not Verified,Verfied,Data Ã  mettre Ã  jour ğŸ—ƒï¸
30711616,Taheri (Sud),Not Verified,Verfied,Data Ã  mettre Ã  jour ğŸ—ƒï¸
30711672,Qutbi (Saint-Denis),Verified,Verfied,Tout est correct âœ…
30901541,Qutbi (Saint-Denis),Verified,Verfied,Tout est correct âœ…
30916692,Qutbi (Saint-Denis),Verified,Verfied,Tout est correct âœ…
30712039,Qutbi (Saint-Denis),Not Verified,Verfied,Data Ã  mettre Ã  jour ğŸ—ƒï¸
30712046,Taheri (Sud),Not Verified,Verfied,Data Ã  mettre Ã  jour ğŸ—ƒï¸
30800550,Najmi (Ouest),Not Verified,Verfied,Data Ã  mettre Ã  jour ğŸ—ƒï¸
30800554,Najmi (Ouest),Not Verified,Verfied,Data Ã  mettre Ã  jour ğŸ—ƒï¸
30800555,Najmi (Ouest),Not Verified,Verfied,Data Ã  mettre Ã  jour ğŸ—ƒï¸
30802089,Najmi (Ouest),Not Verified,Verfied,Data Ã  mettre Ã  jour ğŸ—ƒï¸
30919694,Najmi (Ouest),Not Verified,Verfied,Data Ã  mettre Ã  jour ğŸ—ƒï¸
30800787,Ezzi (Sainte-Clotilde),Verified,Verfied,Tout est correct âœ…
30801446,Saifee (Saint-Denis),Verified,Verfied,Tout est correct âœ…
30801450,Saifee (Saint-Denis),Verified,Verfied,Tout est correct âœ…
30801451,Saifee (Saint-Denis),Verified,Verfied,Tout est correct âœ…
30801453,Saifee (Saint-Denis),Verified,Verfied,Tout est correct âœ…
30801452,Saifee (Saint-Denis),Verified,Verfied,Tout est correct âœ…
30801462,Qutbi (Saint-Denis),Verified,Verfied,Tout est correct âœ…
30801466,Qutbi (Saint-Denis),Verified,Verfied,Tout est correct âœ…
50183784,Qutbi (Saint-Denis),Verified,Verfied,Tout est correct âœ…
30801468,Ezzi (Sainte-Clotilde),Verified,Verfied,Tout est correct âœ…
30801469,Ezzi (Sainte-Clotilde),Verified,Verfied,Tout est correct âœ…
30801478,Zaini (Sainte-Clotilde),Verified,Verfied,Tout est correct âœ…
30801480,Zaini (Sainte-Clotilde),Verified,Verfied,Tout est correct âœ…
30908190,Zaini (Sainte-Clotilde),Verified,Verfied,Tout est correct âœ…
50203681,Zaini (Sainte-Clotilde),Verified,Verfied,Tout est correct âœ…
30801479,Saifee (Saint-Denis),Verified,Verfied,Tout est correct âœ…
30801484,Saifee (Saint-Denis),Verified,Verfied,Tout est correct âœ…
30801940,Ezzi (Sainte-Clotilde),Verified,Verfied,Tout est correct âœ…
30801998,Husaini (Sainte-Clotilde),Verified,Verfied,Tout est correct âœ…
60416350,Husaini (Sainte-Clotilde),Verified,Verfied,Tout est correct âœ…
30802088,Taheri (Sud),Verified,Verfied,Tout est correct âœ…
60433738,Taheri (Sud),Verified,Verfied,Tout est correct âœ…
50470714,Taheri (Sud),Verified,Verfied,Tout est correct âœ…
50470722,Taheri (Sud),Verified,Verfied,Tout est correct âœ…
30802422,Badri (Sainte-Clotilde),Verified,Verfied,Tout est correct âœ…
30802423,Burhani (Sainte-Marie),Verified,Verfied,Tout est correct âœ…
30802424,Burhani (Sainte-Marie),Verified,Verfied,Tout est correct âœ…
30802425,Burhani (Sainte-Marie),Verified,Verfied,Tout est correct âœ…
30802426,Burhani (Sainte-Marie),Verified,Verfied,Tout est correct âœ…
30929004,Burhani (Sainte-Marie),Verified,Verfied,Tout est correct âœ…
40470096,Burhani (Sainte-Marie),Verified,Verfied,Tout est correct âœ…
30802427,Badri (Sainte-Clotilde),Verified,Verfied,Tout est correct âœ…
30802428,Badri (Sainte-Clotilde),Verified,Not Verified,Photo Ã  mettre Ã  jour ğŸ“·
30802435,Hakimi (Est),Not Verified,Verfied,Data Ã  mettre Ã  jour ğŸ—ƒï¸
30802437,Hakimi (Est),Not Verified,Verfied,Data Ã  mettre Ã  jour ğŸ—ƒï¸
30802438,Hakimi (Est),Not Verified,Verfied,Data Ã  mettre Ã  jour ğŸ—ƒï¸
30802441,Badri (Sainte-Clotilde),Verified,Verfied,Tout est correct âœ…
30802445,,Not Verified,Verfied,Data Ã  mettre Ã  jour ğŸ—ƒï¸
30802534,,Verified,Verfied,Tout est correct âœ…
40475646,,Verified,Verfied,Tout est correct âœ…
40193960,,Verified,Verfied,Tout est correct âœ…
30803728,Hakimi (Est),Verified,Verfied,Tout est correct âœ…
30803729,Hakimi (Est),Verified,Verfied,Tout est correct âœ…
30803730,Hakimi (Est),Verified,Verfied,Tout est correct âœ…
30803731,Hakimi (Est),Verified,Verfied,Tout est correct âœ…
30928796,Hakimi (Est),Verified,Verfied,Tout est correct âœ…
30804780,Saifee (Saint-Denis),Verified,Verfied,Tout est correct âœ…
30801470,Saifee (Saint-Denis),Verified,Verfied,Tout est correct âœ…
30801471,Saifee (Saint-Denis),Verified,Verfied,Tout est correct âœ…
30801472,Saifee (Saint-Denis),Verified,Verfied,Tout est correct âœ…
30804781,Badri (Sainte-Clotilde),Verified,Verfied,Tout est correct âœ…
30804782,Badri (Sainte-Clotilde),Verified,Verfied,Tout est correct âœ…
30804783,Badri (Sainte-Clotilde),Verified,Verfied,Tout est correct âœ…
30804784,Badri (Sainte-Clotilde),Verified,Verfied,Tout est correct âœ…
30804785,Burhani (Sainte-Marie),Verified,Verfied,Tout est correct âœ…
30804786,Burhani (Sainte-Marie),Verified,Verfied,Tout est correct âœ…
30804787,Burhani (Sainte-Marie),Verified,Verfied,Tout est correct âœ…
20415718,Zaini (Sainte-Clotilde),Verified,Verfied,Tout est correct âœ…
30804788,Zaini (Sainte-Clotilde),Verified,Verfied,Tout est correct âœ…
30804789,Zaini (Sainte-Clotilde),Verified,Verfied,Tout est correct âœ…
30804790,Zaini (Sainte-Clotilde),Verified,Verfied,Tout est correct âœ…
30804792,Zaini (Sainte-Clotilde),Verified,Verfied,Tout est correct âœ…
30804793,Najmi (Ouest),Not Verified,Verfied,Data Ã  mettre Ã  jour ğŸ—ƒï¸
30804797,Burhani (Sainte-Marie),Verified,Verfied,Tout est correct âœ…
30804798,Burhani (Sainte-Marie),Verified,Verfied,Tout est correct âœ…
30912687,Burhani (Sainte-Marie),Not Verified,Not Verified,Data et photo Ã  mettre Ã  jour âŒ
30805437,Badri (Sainte-Clotilde),Verified,Verfied,Tout est correct âœ…
30905215,Badri (Sainte-Clotilde),Verified,Verfied,Tout est correct âœ…
50160881,Badri (Sainte-Clotilde),Verified,Verfied,Tout est correct âœ…
50487868,Husaini (Sainte-Clotilde),Verified,Verfied,Tout est correct âœ…
30901140,Husaini (Sainte-Clotilde),Verified,Verfied,Tout est correct âœ…
30901141,Husaini (Sainte-Clotilde),Verified,Verfied,Tout est correct âœ…
30901142,Husaini (Sainte-Clotilde),Verified,Verfied,Tout est correct âœ…
50220988,Husaini (Sainte-Clotilde),Verified,Verfied,Tout est correct âœ…
30901498,,Verified,Verfied,Tout est correct âœ…
30901386,,Verified,Verfied,Tout est correct âœ…
30901387,Zaini (Sainte-Clotilde),Verified,Verfied,Tout est correct âœ…
30412348,Zaini (Sainte-Clotilde),Verified,Verfied,Tout est correct âœ…
50192033,Zaini (Sainte-Clotilde),Verified,Verfied,Tout est correct âœ…
30901425,Husaini (Sainte-Clotilde),Not Verified,Verfied,Data Ã  mettre Ã  jour ğŸ—ƒï¸
30901424,Husaini (Sainte-Clotilde),Verified,Verfied,Tout est correct âœ…
30901437,Husaini (Sainte-Clotilde),Verified,Verfied,Tout est correct âœ…
30901438,Husaini (Sainte-Clotilde),Verified,Verfied,Tout est correct âœ…
30901446,Hakimi (Est),Verified,Verfied,Tout est correct âœ…
30901447,Hakimi (Est),Verified,Verfied,Tout est correct âœ…
30901448,Hakimi (Est),Verified,Verfied,Tout est correct âœ…
30910872,Hakimi (Est),Verified,Verfied,Tout est correct âœ…
30901453,Qutbi (Saint-Denis),Verified,Verfied,Tout est correct âœ…
30901503,Hakimi (Est),Not Verified,Verfied,Data Ã  mettre Ã  jour ğŸ—ƒï¸
30901452,Badri (Sainte-Clotilde),Verified,Verfied,Tout est correct âœ…
30901550,Badri (Sainte-Clotilde),Verified,Verfied,Tout est correct âœ…
30926763,Badri (Sainte-Clotilde),Verified,Verfied,Tout est correct âœ…
50184210,Badri (Sainte-Clotilde),Verified,Verfied,Tout est correct âœ…
30901835,Saifee (Saint-Denis),Verified,Verfied,Tout est correct âœ…
30902301,Badri (Sainte-Clotilde),Verified,Verfied,Tout est correct âœ…
30903834,Ezzi (Sainte-Clotilde),Verified,Verfied,Tout est correct âœ…
30805463,Ezzi (Sainte-Clotilde),Verified,Verfied,Tout est correct âœ…
30805464,Ezzi (Sainte-Clotilde),Verified,Verfied,Tout est correct âœ…
40470100,Ezzi (Sainte-Clotilde),Verified,Verfied,Tout est correct âœ…
30903836,Saifee (Saint-Denis),Not Verified,Verfied,Data Ã  mettre Ã  jour ğŸ—ƒï¸
30903837,Saifee (Saint-Denis),Not Verified,Verfied,Data Ã  mettre Ã  jour ğŸ—ƒï¸
30904019,Zaini (Sainte-Clotilde),Verified,Verfied,Tout est correct âœ…
30904018,Zaini (Sainte-Clotilde),Verified,Verfied,Tout est correct âœ…
30904022,Zaini (Sainte-Clotilde),Verified,Verfied,Tout est correct âœ…
30140314,Zaini (Sainte-Clotilde),Verified,Verfied,Tout est correct âœ…
30905878,Saifee (Saint-Denis),Not Verified,Verfied,Data Ã  mettre Ã  jour ğŸ—ƒï¸
50487892,Saifee (Saint-Denis),Not Verified,Not Verified,Data et photo Ã  mettre Ã  jour âŒ
30906010,Badri (Sainte-Clotilde),Verified,Verfied,Tout est correct âœ…
30906012,Husaini (Sainte-Clotilde),Verified,Verfied,Tout est correct âœ…
30906013,Husaini (Sainte-Clotilde),Verified,Verfied,Tout est correct âœ…
30906014,Husaini (Sainte-Clotilde),Verified,Verfied,Tout est correct âœ…
30906015,Husaini (Sainte-Clotilde),Verified,Verfied,Tout est correct âœ…
30906274,Zaini (Sainte-Clotilde),Verified,Verfied,Tout est correct âœ…
30906275,Zaini (Sainte-Clotilde),Verified,Verfied,Tout est correct âœ…
30906279,Zaini (Sainte-Clotilde),Verified,Verfied,Tout est correct âœ…
30906277,Zaini (Sainte-Clotilde),Verified,Verfied,Tout est correct âœ…
30906278,Zaini (Sainte-Clotilde),Verified,Verfied,Tout est correct âœ…
30906675,Ezzi (Sainte-Clotilde),Verified,Verfied,Tout est correct âœ…
40417735,Ezzi (Sainte-Clotilde),Verified,Verfied,Tout est correct âœ…
30908170,Hakimi (Est),Verified,Verfied,Tout est correct âœ…
30908171,Hakimi (Est),Verified,Verfied,Tout est correct âœ…
30908172,Hakimi (Est),Verified,Verfied,Tout est correct âœ…
30908173,Hakimi (Est),Verified,Verfied,Tout est correct âœ…
30908188,Najmi (Ouest),Verified,Verfied,Tout est correct âœ…
30908189,Najmi (Ouest),Verified,Verfied,Tout est correct âœ…
30908191,Najmi (Ouest),Verified,Verfied,Tout est correct âœ…
30908193,Burhani (Sainte-Marie),Verified,Verfied,Tout est correct âœ…
30909082,Badri (Sainte-Clotilde),Verified,Verfied,Tout est correct âœ…
40469940,Badri (Sainte-Clotilde),Verified,Verfied,Tout est correct âœ…
50193196,Badri (Sainte-Clotilde),Verified,Verfied,Tout est correct âœ…
50193195,Badri (Sainte-Clotilde),Verified,Verfied,Tout est correct âœ…
50193197,Badri (Sainte-Clotilde),Verified,Verfied,Tout est correct âœ…
30910270,Hakimi (Est),Verified,Verfied,Tout est correct âœ…
30910269,Hakimi (Est),Verified,Verfied,Tout est correct âœ…
30910267,Hakimi (Est),Verified,Verfied,Tout est correct âœ…
30910268,Hakimi (Est),Verified,Not Verified,Photo Ã  mettre Ã  jour ğŸ“·
30910266,Hakimi (Est),Verified,Not Verified,Photo Ã  mettre Ã  jour ğŸ“·
30910326,Husaini (Sainte-Clotilde),Verified,Verfied,Tout est correct âœ…
30908198,Husaini (Sainte-Clotilde),Verified,Verfied,Tout est correct âœ…
30910327,Husaini (Sainte-Clotilde),Verified,Verfied,Tout est correct âœ…
40470089,Husaini (Sainte-Clotilde),Verified,Verfied,Tout est correct âœ…
50193396,Husaini (Sainte-Clotilde),Verified,Verfied,Tout est correct âœ…
50496902,Saifee (Saint-Denis),Verified,Verfied,Tout est correct âœ…
30910340,Saifee (Saint-Denis),Verified,Verfied,Tout est correct âœ…
30910342,Saifee (Saint-Denis),Verified,Verfied,Tout est correct âœ…
30910663,Ezzi (Sainte-Clotilde),Verified,Verfied,Tout est correct âœ…
30910664,Ezzi (Sainte-Clotilde),Verified,Verfied,Tout est correct âœ…
30912681,Zaini (Sainte-Clotilde),Not Verified,Verfied,Data Ã  mettre Ã  jour ğŸ—ƒï¸
30801486,Burhani (Sainte-Marie),Verified,Verfied,Tout est correct âœ…
40417028,Burhani (Sainte-Marie),Verified,Verfied,Tout est correct âœ…
30912682,Burhani (Sainte-Marie),Verified,Verfied,Tout est correct âœ…
30912683,Burhani (Sainte-Marie),Verified,Verfied,Tout est correct âœ…
30912685,Saifee (Saint-Denis),Not Verified,Verfied,Data Ã  mettre Ã  jour ğŸ—ƒï¸
30912783,Ezzi (Sainte-Clotilde),Verified,Verfied,Tout est correct âœ…
30912784,Ezzi (Sainte-Clotilde),Verified,Verfied,Tout est correct âœ…
30912785,Ezzi (Sainte-Clotilde),Verified,Verfied,Tout est correct âœ…
30912788,Badri (Sainte-Clotilde),Not Verified,Verfied,Data Ã  mettre Ã  jour ğŸ—ƒï¸
30912787,Badri (Sainte-Clotilde),Not Verified,Verfied,Data Ã  mettre Ã  jour ğŸ—ƒï¸
50211488,Badri (Sainte-Clotilde),Not Verified,Verfied,Data Ã  mettre Ã  jour ğŸ—ƒï¸
30914481,Najmi (Ouest),Not Verified,Verfied,Data Ã  mettre Ã  jour ğŸ—ƒï¸
30914482,Najmi (Ouest),Not Verified,Verfied,Data Ã  mettre Ã  jour ğŸ—ƒï¸
30914483,Najmi (Ouest),Not Verified,Verfied,Data Ã  mettre Ã  jour ğŸ—ƒï¸
30914484,Najmi (Ouest),Not Verified,Not Verified,Data et photo Ã  mettre Ã  jour âŒ
30914485,Najmi (Ouest),Not Verified,Not Verified,Data et photo Ã  mettre Ã  jour âŒ
30914486,Husaini (Sainte-Clotilde),Verified,Verfied,Tout est correct âœ…
30914487,Husaini (Sainte-Clotilde),Verified,Verfied,Tout est correct âœ…
30914488,Husaini (Sainte-Clotilde),Not Verified,Verfied,Data Ã  mettre Ã  jour ğŸ—ƒï¸
30914489,Husaini (Sainte-Clotilde),Not Verified,Not Verified,Data et photo Ã  mettre Ã  jour âŒ
30914492,,Not Verified,Verfied,Data Ã  mettre Ã  jour ğŸ—ƒï¸
30914493,Badri (Sainte-Clotilde),Not Verified,Verfied,Data Ã  mettre Ã  jour ğŸ—ƒï¸
30914494,Saifee (Saint-Denis),Not Verified,Not Verified,Data et photo Ã  mettre Ã  jour âŒ
30914495,Saifee (Saint-Denis),Not Verified,Verfied,Data Ã  mettre Ã  jour ğŸ—ƒï¸
30914976,Ezzi (Sainte-Clotilde),Verified,Verfied,Tout est correct âœ…
30918093,Qutbi (Saint-Denis),Verified,Verfied,Tout est correct âœ…
30917387,Qutbi (Saint-Denis),Verified,Verfied,Tout est correct âœ…
30917385,Qutbi (Saint-Denis),Verified,Verfied,Tout est correct âœ…
30917386,Qutbi (Saint-Denis),Verified,Verfied,Tout est correct âœ…
30918094,Qutbi (Saint-Denis),Verified,Verfied,Tout est correct âœ…
30919683,Taheri (Sud),Verified,Verfied,Tout est correct âœ…
30919684,Taheri (Sud),Not Verified,Verfied,Data Ã  mettre Ã  jour ğŸ—ƒï¸
30919690,Ezzi (Sainte-Clotilde),Verified,Verfied,Tout est correct âœ…
50180666,Ezzi (Sainte-Clotilde),Verified,Verfied,Tout est correct âœ…
30919693,Badri (Sainte-Clotilde),Verified,Verfied,Tout est correct âœ…
40469983,Badri (Sainte-Clotilde),Verified,Verfied,Tout est correct âœ…
50180011,Badri (Sainte-Clotilde),Verified,Verfied,Tout est correct âœ…
50180012,Badri (Sainte-Clotilde),Verified,Verfied,Tout est correct âœ…
40194742,Badri (Sainte-Clotilde),Verified,Verfied,Tout est correct âœ…
30920502,Zaini (Sainte-Clotilde),Not Verified,Verfied,Data Ã  mettre Ã  jour ğŸ—ƒï¸
30920503,Zaini (Sainte-Clotilde),Not Verified,Verfied,Data Ã  mettre Ã  jour ğŸ—ƒï¸
30921857,Najmi (Ouest),Verified,Verfied,Tout est correct âœ…
30921859,Najmi (Ouest),Verified,Verfied,Tout est correct âœ…
30921860,Najmi (Ouest),Verified,Verfied,Tout est correct âœ…
30921861,Husaini (Sainte-Clotilde),Verified,Verfied,Tout est correct âœ…
50496950,Husaini (Sainte-Clotilde),Verified,Verfied,Tout est correct âœ…
40470095,Husaini (Sainte-Clotilde),Verified,Verfied,Tout est correct âœ…
50170839,Husaini (Sainte-Clotilde),Verified,Verfied,Tout est correct âœ…
30921542,Ezzi (Sainte-Clotilde),Verified,Verfied,Tout est correct âœ…
30921866,Ezzi (Sainte-Clotilde),Verified,Verfied,Tout est correct âœ…
30922269,Ezzi (Sainte-Clotilde),Verified,Verfied,Tout est correct âœ…
30921868,Husaini (Sainte-Clotilde),Verified,Verfied,Tout est correct âœ…
30921869,Husaini (Sainte-Clotilde),Verified,Verfied,Tout est correct âœ…
30922004,Husaini (Sainte-Clotilde),Verified,Verfied,Tout est correct âœ…
30922003,Husaini (Sainte-Clotilde),Verified,Verfied,Tout est correct âœ…
30922015,Husaini (Sainte-Clotilde),Verified,Verfied,Tout est correct âœ…
30922016,Husaini (Sainte-Clotilde),Verified,Verfied,Tout est correct âœ…
30922017,Hakimi (Est),Verified,Verfied,Tout est correct âœ…
30922018,Hakimi (Est),Verified,Verfied,Tout est correct âœ…
30922019,Hakimi (Est),Verified,Verfied,Tout est correct âœ…
30922020,Hakimi (Est),Verified,Verfied,Tout est correct âœ…
50470717,Hakimi (Est),Verified,Verfied,Tout est correct âœ…
30923277,Saifee (Saint-Denis),Verified,Verfied,Tout est correct âœ…
30905218,Saifee (Saint-Denis),Verified,Verfied,Tout est correct âœ…
30140651,Hakimi (Est),Verified,Verfied,Tout est correct âœ…
30924886,Hakimi (Est),Verified,Verfied,Tout est correct âœ…
30711600,Saifee (Saint-Denis),Not Verified,Not Verified,Data et photo Ã  mettre Ã  jour âŒ
30924888,Saifee (Saint-Denis),Not Verified,Not Verified,Data et photo Ã  mettre Ã  jour âŒ
30925362,,Not Verified,Verfied,Data Ã  mettre Ã  jour ğŸ—ƒï¸
30925363,,Not Verified,Verfied,Data Ã  mettre Ã  jour ğŸ—ƒï¸
30925365,,Not Verified,Not Verified,Data et photo Ã  mettre Ã  jour âŒ
30925364,,Not Verified,Not Verified,Data et photo Ã  mettre Ã  jour âŒ
30925369,Saifee (Saint-Denis),Verified,Verfied,Tout est correct âœ…
30925370,Saifee (Saint-Denis),Verified,Verfied,Tout est correct âœ…
50230647,Saifee (Saint-Denis),Verified,Verfied,Tout est correct âœ…
30925961,Badri (Sainte-Clotilde),Verified,Verfied,Tout est correct âœ…
40417498,Badri (Sainte-Clotilde),Verified,Verfied,Tout est correct âœ…
50192034,Badri (Sainte-Clotilde),Verified,Verfied,Tout est correct âœ…
40194740,Badri (Sainte-Clotilde),Verified,Not Verified,Photo Ã  mettre Ã  jour ğŸ“·
30926092,Saifee (Saint-Denis),Not Verified,Verfied,Data Ã  mettre Ã  jour ğŸ—ƒï¸
30926094,Saifee (Saint-Denis),Not Verified,Verfied,Data Ã  mettre Ã  jour ğŸ—ƒï¸
30926093,Saifee (Saint-Denis),Not Verified,Verfied,Data Ã  mettre Ã  jour ğŸ—ƒï¸
30926172,Burhani (Sainte-Marie),Verified,Verfied,Tout est correct âœ…
30901499,Burhani (Sainte-Marie),Verified,Verfied,Tout est correct âœ…
30926176,Burhani (Sainte-Marie),Verified,Verfied,Tout est correct âœ…
50180041,Burhani (Sainte-Marie),Verified,Verfied,Tout est correct âœ…
50203024,Burhani (Sainte-Marie),Verified,Verfied,Tout est correct âœ…
30926177,,Verified,Verfied,Tout est correct âœ…
30927902,,Verified,Verfied,Tout est correct âœ…
30926178,Najmi (Ouest),Not Verified,Verfied,Data Ã  mettre Ã  jour ğŸ—ƒï¸
30926180,ZZ-Transfer Out,Verified,Not Verified,Photo Ã  mettre Ã  jour ğŸ“·
30926181,ZZ-Transfer Out,Verified,Not Verified,Photo Ã  mettre Ã  jour ğŸ“·
30926203,Saifee (Saint-Denis),Not Verified,Not Verified,Data et photo Ã  mettre Ã  jour âŒ
30926204,Saifee (Saint-Denis),Not Verified,Not Verified,Data et photo Ã  mettre Ã  jour âŒ
30926207,Saifee (Saint-Denis),Not Verified,Not Verified,Data et photo Ã  mettre Ã  jour âŒ
30926206,Saifee (Saint-Denis),Not Verified,Not Verified,Data et photo Ã  mettre Ã  jour âŒ
30926205,Saifee (Saint-Denis),Not Verified,Not Verified,Data et photo Ã  mettre Ã  jour âŒ
30926208,Saifee (Saint-Denis),Not Verified,Not Verified,Data et photo Ã  mettre Ã  jour âŒ
30926209,Saifee (Saint-Denis),Not Verified,Not Verified,Data et photo Ã  mettre Ã  jour âŒ
30926219,Hakimi (Est),Verified,Verfied,Tout est correct âœ…
30926218,Hakimi (Est),Verified,Verfied,Tout est correct âœ…
30926216,Hakimi (Est),Verified,Verfied,Tout est correct âœ…
30927423,Saifee (Saint-Denis),Verified,Verfied,Tout est correct âœ…
30927424,Saifee (Saint-Denis),Verified,Verfied,Tout est correct âœ…
30927425,,Verified,Verfied,Tout est correct âœ…
30927426,,Verified,Verfied,Tout est correct âœ…
30927427,,Verified,Verfied,Tout est correct âœ…
30927428,,Verified,Verfied,Tout est correct âœ…
30927713,Ezzi (Sainte-Clotilde),Verified,Verfied,Tout est correct âœ…
30927712,Ezzi (Sainte-Clotilde),Verified,Verfied,Tout est correct âœ…
30927714,Ezzi (Sainte-Clotilde),Verified,Verfied,Tout est correct âœ…
30927715,Ezzi (Sainte-Clotilde),Verified,Verfied,Tout est correct âœ…
30927716,Ezzi (Sainte-Clotilde),Verified,Verfied,Tout est correct âœ…
30927719,Taheri (Sud),Not Verified,Verfied,Data Ã  mettre Ã  jour ğŸ—ƒï¸
30927720,Zaini (Sainte-Clotilde),Not Verified,Verfied,Data Ã  mettre Ã  jour ğŸ—ƒï¸
30928351,Hakimi (Est),Verified,Verfied,Tout est correct âœ…
30928355,Hakimi (Est),Verified,Verfied,Tout est correct âœ…
30928356,Hakimi (Est),Verified,Verfied,Tout est correct âœ…
50183247,Hakimi (Est),Verified,Verfied,Tout est correct âœ…
30928383,Zaini (Sainte-Clotilde),Verified,Verfied,Tout est correct âœ…
30391577,Zaini (Sainte-Clotilde),Verified,Verfied,Tout est correct âœ…
30929000,Badri (Sainte-Clotilde),Verified,Verfied,Tout est correct âœ…
30929001,Badri (Sainte-Clotilde),Verified,Verfied,Tout est correct âœ…
60420360,Badri (Sainte-Clotilde),Verified,Verfied,Tout est correct âœ…
40417013,Burhani (Sainte-Marie),Verified,Verfied,Tout est correct âœ…
40470019,Burhani (Sainte-Marie),Verified,Verfied,Tout est correct âœ…
40195036,Burhani (Sainte-Marie),Verified,Verfied,Tout est correct âœ…
40417040,Badri (Sainte-Clotilde),Not Verified,Not Verified,Data et photo Ã  mettre Ã  jour âŒ
40417063,Zaini (Sainte-Clotilde),Verified,Verfied,Tout est correct âœ…
30916698,Zaini (Sainte-Clotilde),Verified,Verfied,Tout est correct âœ…
50172538,Zaini (Sainte-Clotilde),Verified,Verfied,Tout est correct âœ…
20377965,Badri (Sainte-Clotilde),Verified,Verfied,Tout est correct âœ…
40417073,Badri (Sainte-Clotilde),Verified,Verfied,Tout est correct âœ…
30915726,Badri (Sainte-Clotilde),Verified,Verfied,Tout est correct âœ…
30915046,Badri (Sainte-Clotilde),Verified,Verfied,Tout est correct âœ…
20377952,Husaini (Sainte-Clotilde),Verified,Verfied,Tout est correct âœ…
40417092,Husaini (Sainte-Clotilde),Verified,Verfied,Tout est correct âœ…
40417091,Husaini (Sainte-Clotilde),Verified,Verfied,Tout est correct âœ…
40417418,Saifee (Saint-Denis),Verified,Verfied,Tout est correct âœ…
40417420,Saifee (Saint-Denis),Verified,Verfied,Tout est correct âœ…
50184099,Saifee (Saint-Denis),Verified,Verfied,Tout est correct âœ…
50184100,Saifee (Saint-Denis),Verified,Verfied,Tout est correct âœ…
50184101,Saifee (Saint-Denis),Verified,Verfied,Tout est correct âœ…
40417982,Husaini (Sainte-Clotilde),Verified,Verfied,Tout est correct âœ…
40469946,Husaini (Sainte-Clotilde),Verified,Verfied,Tout est correct âœ…
50191042,Husaini (Sainte-Clotilde),Verified,Verfied,Tout est correct âœ…
50470713,Husaini (Sainte-Clotilde),Verified,Verfied,Tout est correct âœ…
40192489,Husaini (Sainte-Clotilde),Verified,Not Verified,Photo Ã  mettre Ã  jour ğŸ“·
40453106,Badri (Sainte-Clotilde),Not Verified,Verfied,Data Ã  mettre Ã  jour ğŸ—ƒï¸
20406467,Najmi (Ouest),Verified,Verfied,Tout est correct âœ…
40456441,Najmi (Ouest),Verified,Verfied,Tout est correct âœ…
40456442,Najmi (Ouest),Verified,Verfied,Tout est correct âœ…
60416333,Najmi (Ouest),Verified,Verfied,Tout est correct âœ…
50221905,Najmi (Ouest),Verified,Verfied,Tout est correct âœ…
40456587,Hakimi (Est),Verified,Verfied,Tout est correct âœ…
30391617,Hakimi (Est),Verified,Verfied,Tout est correct âœ…
40456811,Qutbi (Saint-Denis),Verified,Verfied,Tout est correct âœ…
30392773,Qutbi (Saint-Denis),Verified,Verfied,Tout est correct âœ…
40901376,Qutbi (Saint-Denis),Verified,Verfied,Tout est correct âœ…
40456876,Qutbi (Saint-Denis),Verified,Verfied,Tout est correct âœ…
40464597,Hakimi (Est),Verified,Verfied,Tout est correct âœ…
30901235,Hakimi (Est),Verified,Verfied,Tout est correct âœ…
40470091,Hakimi (Est),Verified,Verfied,Tout est correct âœ…
50211822,Hakimi (Est),Verified,Verfied,Tout est correct âœ…
40467401,Badri (Sainte-Clotilde),Verified,Verfied,Tout est correct âœ…
40467402,Badri (Sainte-Clotilde),Verified,Verfied,Tout est correct âœ…
40467403,Badri (Sainte-Clotilde),Verified,Verfied,Tout est correct âœ…
40417775,Badri (Sainte-Clotilde),Verified,Verfied,Tout est correct âœ…
50180681,Badri (Sainte-Clotilde),Verified,Verfied,Tout est correct âœ…
50182165,Badri (Sainte-Clotilde),Verified,Verfied,Tout est correct âœ…
40194741,Badri (Sainte-Clotilde),Verified,Not Verified,Photo Ã  mettre Ã  jour ğŸ“·
40469901,,Not Verified,Verfied,Data Ã  mettre Ã  jour ğŸ—ƒï¸
30901504,,Not Verified,Verfied,Data Ã  mettre Ã  jour ğŸ—ƒï¸
50470719,,Not Verified,Verfied,Data Ã  mettre Ã  jour ğŸ—ƒï¸
50470718,,Verified,Verfied,Tout est correct âœ…
40469905,Najmi (Ouest),Verified,Verfied,Tout est correct âœ…
30801449,Najmi (Ouest),Verified,Verfied,Tout est correct âœ…
40469909,Najmi (Ouest),Verified,Verfied,Tout est correct âœ…
40469910,Najmi (Ouest),Verified,Verfied,Tout est correct âœ…
40469911,Najmi (Ouest),Verified,Verfied,Tout est correct âœ…
40469913,,Verified,Verfied,Tout est correct âœ…
40469920,Najmi (Ouest),Not Verified,Not Verified,Data et photo Ã  mettre Ã  jour âŒ
40469939,Saifee (Saint-Denis),Verified,Verfied,Tout est correct âœ…
40469938,Saifee (Saint-Denis),Verified,Verfied,Tout est correct âœ…
60202944,Saifee (Saint-Denis),Not Verified,Verfied,Data Ã  mettre Ã  jour ğŸ—ƒï¸
40469937,Saifee (Saint-Denis),Verified,Verfied,Tout est correct âœ…
40469947,Husaini (Sainte-Clotilde),Verified,Verfied,Tout est correct âœ…
30925366,Husaini (Sainte-Clotilde),Verified,Verfied,Tout est correct âœ…
50210949,Husaini (Sainte-Clotilde),Verified,Verfied,Tout est correct âœ…
50210950,Husaini (Sainte-Clotilde),Verified,Verfied,Tout est correct âœ…
50204280,Hakimi (Est),Verified,Verfied,Tout est correct âœ…
40469948,Hakimi (Est),Verified,Verfied,Tout est correct âœ…
40194745,Hakimi (Est),Verified,Not Verified,Photo Ã  mettre Ã  jour ğŸ“·
40193963,Hakimi (Est),Verified,Not Verified,Photo Ã  mettre Ã  jour ğŸ“·
40469949,Burhani (Sainte-Marie),Verified,Verfied,Tout est correct âœ…
50408223,Burhani (Sainte-Marie),Verified,Verfied,Tout est correct âœ…
50204279,Burhani (Sainte-Marie),Verified,Verfied,Tout est correct âœ…
50204277,Burhani (Sainte-Marie),Verified,Verfied,Tout est correct âœ…
40469954,,Verified,Verfied,Tout est correct âœ…
40469955,,Verified,Verfied,Tout est correct âœ…
40469958,Burhani (Sainte-Marie),Verified,Verfied,Tout est correct âœ…
30437291,Burhani (Sainte-Marie),Verified,Verfied,Tout est correct âœ…
40469981,Burhani (Sainte-Marie),Verified,Verfied,Tout est correct âœ…
40470097,Burhani (Sainte-Marie),Verified,Verfied,Tout est correct âœ…
50162087,Burhani (Sainte-Marie),Verified,Verfied,Tout est correct âœ…
40469984,Burhani (Sainte-Marie),Verified,Verfied,Tout est correct âœ…
30900048,Burhani (Sainte-Marie),Verified,Verfied,Tout est correct âœ…
40470090,Burhani (Sainte-Marie),Verified,Verfied,Tout est correct âœ…
50161035,Burhani (Sainte-Marie),Verified,Verfied,Tout est correct âœ…
50211489,Burhani (Sainte-Marie),Verified,Verfied,Tout est correct âœ…
60416319,Burhani (Sainte-Marie),Verified,Verfied,Tout est correct âœ…
60416320,Burhani (Sainte-Marie),Verified,Verfied,Tout est correct âœ…
40469998,Burhani (Sainte-Marie),Verified,Verfied,Tout est correct âœ…
60416321,Burhani (Sainte-Marie),Verified,Verfied,Tout est correct âœ…
40470068,Taheri (Sud),Not Verified,Verfied,Data Ã  mettre Ã  jour ğŸ—ƒï¸
30700600,Taheri (Sud),Not Verified,Verfied,Data Ã  mettre Ã  jour ğŸ—ƒï¸
40470082,ZZ-Transfer Out,Not Verified,Verfied,Data Ã  mettre Ã  jour ğŸ—ƒï¸
40470223,Qutbi (Saint-Denis),Verified,Verfied,Tout est correct âœ…
60433751,Qutbi (Saint-Denis),Verified,Verfied,Tout est correct âœ…
30914499,Qutbi (Saint-Denis),Verified,Verfied,Tout est correct âœ…
40470241,Saifee (Saint-Denis),Verified,Verfied,Tout est correct âœ…
40475647,,Verified,Verfied,Tout est correct âœ…
30917394,,Verified,Verfied,Tout est correct âœ…
50161036,Saifee (Saint-Denis),Not Verified,Verfied,Data Ã  mettre Ã  jour ğŸ—ƒï¸
50161397,Saifee (Saint-Denis),Not Verified,Verfied,Data Ã  mettre Ã  jour ğŸ—ƒï¸
50161399,Saifee (Saint-Denis),Not Verified,Verfied,Data Ã  mettre Ã  jour ğŸ—ƒï¸
50161395,Husaini (Sainte-Clotilde),Not Verified,Verfied,Data Ã  mettre Ã  jour ğŸ—ƒï¸
50408241,Husaini (Sainte-Clotilde),Not Verified,Verfied,Data Ã  mettre Ã  jour ğŸ—ƒï¸
50181165,Husaini (Sainte-Clotilde),Not Verified,Verfied,Data Ã  mettre Ã  jour ğŸ—ƒï¸
50161419,Badri (Sainte-Clotilde),Not Verified,Verfied,Data Ã  mettre Ã  jour ğŸ—ƒï¸
50162088,Husaini (Sainte-Clotilde),Verified,Verfied,Tout est correct âœ…
50162089,Husaini (Sainte-Clotilde),Verified,Verfied,Tout est correct âœ…
50170684,,Not Verified,Verfied,Data Ã  mettre Ã  jour ğŸ—ƒï¸
50170683,,Not Verified,Verfied,Data Ã  mettre Ã  jour ğŸ—ƒï¸
50170685,,Not Verified,Verfied,Data Ã  mettre Ã  jour ğŸ—ƒï¸
50170686,,Not Verified,Verfied,Data Ã  mettre Ã  jour ğŸ—ƒï¸
50180010,Najmi (Ouest),Not Verified,Verfied,Data Ã  mettre Ã  jour ğŸ—ƒï¸
50180040,Najmi (Ouest),Not Verified,Verfied,Data Ã  mettre Ã  jour ğŸ—ƒï¸
50180605,Taheri (Sud),Not Verified,Verfied,Data Ã  mettre Ã  jour ğŸ—ƒï¸
30912686,Taheri (Sud),Not Verified,Verfied,Data Ã  mettre Ã  jour ğŸ—ƒï¸
40194743,Taheri (Sud),Not Verified,Not Verified,Data et photo Ã  mettre Ã  jour âŒ
50181690,Hakimi (Est),Not Verified,Verfied,Data Ã  mettre Ã  jour ğŸ—ƒï¸
50181688,Hakimi (Est),Not Verified,Verfied,Data Ã  mettre Ã  jour ğŸ—ƒï¸
50181689,Hakimi (Est),Not Verified,Verfied,Data Ã  mettre Ã  jour ğŸ—ƒï¸
50181687,Hakimi (Est),Not Verified,Verfied,Data Ã  mettre Ã  jour ğŸ—ƒï¸
50181678,Hakimi (Est),Not Verified,Verfied,Data Ã  mettre Ã  jour ğŸ—ƒï¸
50182578,Taheri (Sud),Not Verified,Verfied,Data Ã  mettre Ã  jour ğŸ—ƒï¸
50191043,Hakimi (Est),Not Verified,Verfied,Data Ã  mettre Ã  jour ğŸ—ƒï¸
50202423,Hakimi (Est),Not Verified,Not Verified,Data et photo Ã  mettre Ã  jour âŒ
50191760,Zaini (Sainte-Clotilde),Not Verified,Verfied,Data Ã  mettre Ã  jour ğŸ—ƒï¸
50191764,Zaini (Sainte-Clotilde),Not Verified,Verfied,Data Ã  mettre Ã  jour ğŸ—ƒï¸
50191784,Zaini (Sainte-Clotilde),Not Verified,Verfied,Data Ã  mettre Ã  jour ğŸ—ƒï¸
50191785,Zaini (Sainte-Clotilde),Not Verified,Verfied,Data Ã  mettre Ã  jour ğŸ—ƒï¸
50192620,Badri (Sainte-Clotilde),Not Verified,Verfied,Data Ã  mettre Ã  jour ğŸ—ƒï¸
50193112,Saifee (Saint-Denis),Not Verified,Verfied,Data Ã  mettre Ã  jour ğŸ—ƒï¸
50202482,Saifee (Saint-Denis),Not Verified,Verfied,Data Ã  mettre Ã  jour ğŸ—ƒï¸
40193959,Saifee (Saint-Denis),Not Verified,Not Verified,Data et photo Ã  mettre Ã  jour âŒ
50202867,Taheri (Sud),Not Verified,Not Verified,Data et photo Ã  mettre Ã  jour âŒ
50202868,Husaini (Sainte-Clotilde),Not Verified,Verfied,Data Ã  mettre Ã  jour ğŸ—ƒï¸
50203008,Zaini (Sainte-Clotilde),Verified,Verfied,Tout est correct âœ…
50203179,Badri (Sainte-Clotilde),Not Verified,Not Verified,Data et photo Ã  mettre Ã  jour âŒ
50203773,Burhani (Sainte-Marie),Not Verified,Not Verified,Data et photo Ã  mettre Ã  jour âŒ
50203799,Najmi (Ouest),Not Verified,Not Verified,Data et photo Ã  mettre Ã  jour âŒ
50203827,,Not Verified,Not Verified,Data et photo Ã  mettre Ã  jour âŒ
50210548,Badri (Sainte-Clotilde),Verified,Verfied,Tout est correct âœ…
50211049,,Verified,Verfied,Tout est correct âœ…
50211050,Ezzi (Sainte-Clotilde),Verified,Verfied,Tout est correct âœ…
50212812,Husaini (Sainte-Clotilde),Verified,Verfied,Tout est correct âœ…
50212811,Husaini (Sainte-Clotilde),Verified,Verfied,Tout est correct âœ…
50220989,,Not Verified,Verfied,Data Ã  mettre Ã  jour ğŸ—ƒï¸
50487816,,Verified,Verfied,Tout est correct âœ…
50232981,,Verified,Verfied,Tout est correct âœ…
50408204,Hakimi (Est),Verified,Verfied,Tout est correct âœ…
40469926,Hakimi (Est),Verified,Verfied,Tout est correct âœ…
20415595,Hakimi (Est),Verified,Verfied,Tout est correct âœ…
50408216,Hakimi (Est),Verified,Verfied,Tout est correct âœ…
50408205,Hakimi (Est),Verified,Verfied,Tout est correct âœ…
50408206,Hakimi (Est),Verified,Verfied,Tout est correct âœ…
30702206,Hakimi (Est),Verified,Verfied,Tout est correct âœ…
40469927,Hakimi (Est),Not Verified,Verfied,Data Ã  mettre Ã  jour ğŸ—ƒï¸
50408215,Zaini (Sainte-Clotilde),Verified,Verfied,Tout est correct âœ…
50408218,Husaini (Sainte-Clotilde),Verified,Verfied,Tout est correct âœ…
40464575,Husaini (Sainte-Clotilde),Verified,Verfied,Tout est correct âœ…
50221207,Husaini (Sainte-Clotilde),Verified,Verfied,Tout est correct âœ…
40193957,Husaini (Sainte-Clotilde),Verified,Not Verified,Photo Ã  mettre Ã  jour ğŸ“·
50408226,Hakimi (Est),Verified,Verfied,Tout est correct âœ…
30700140,Hakimi (Est),Verified,Verfied,Tout est correct âœ…
50408227,Hakimi (Est),Not Verified,Verfied,Data Ã  mettre Ã  jour ğŸ—ƒï¸
50408228,Hakimi (Est),Verified,Verfied,Tout est correct âœ…
30905883,Hakimi (Est),Verified,Verfied,Tout est correct âœ…
30905884,Hakimi (Est),Not Verified,Verfied,Data Ã  mettre Ã  jour ğŸ—ƒï¸
30905885,Hakimi (Est),Not Verified,Verfied,Data Ã  mettre Ã  jour ğŸ—ƒï¸
50408289,,Verified,Verfied,Tout est correct âœ…
50192621,,Verified,Verfied,Tout est correct âœ…
50413491,Burhani (Sainte-Marie),Verified,Verfied,Tout est correct âœ…
50487806,Saifee (Saint-Denis),Verified,Verfied,Tout est correct âœ…
50487811,Burhani (Sainte-Marie),Verified,Verfied,Tout est correct âœ…
50487828,Qutbi (Saint-Denis),Verified,Verfied,Tout est correct âœ…
50487832,Burhani (Sainte-Marie),Verified,Verfied,Tout est correct âœ…
50406972,Burhani (Sainte-Marie),Verified,Verfied,Tout est correct âœ…
50487833,Burhani (Sainte-Marie),Verified,Verfied,Tout est correct âœ…
40470093,Burhani (Sainte-Marie),Verified,Verfied,Tout est correct âœ…
40470094,Burhani (Sainte-Marie),Verified,Verfied,Tout est correct âœ…
50408244,Burhani (Sainte-Marie),Verified,Verfied,Tout est correct âœ…
50193257,Burhani (Sainte-Marie),Verified,Verfied,Tout est correct âœ…
50487834,Burhani (Sainte-Marie),Verified,Verfied,Tout est correct âœ…
30711590,Burhani (Sainte-Marie),Verified,Verfied,Tout est correct âœ…
50210948,Burhani (Sainte-Marie),Verified,Verfied,Tout est correct âœ…
40192486,Burhani (Sainte-Marie),Verified,Verfied,Tout est correct âœ…
40194748,Burhani (Sainte-Marie),Verified,Not Verified,Photo Ã  mettre Ã  jour ğŸ“·
50487858,Ezzi (Sainte-Clotilde),Verified,Verfied,Tout est correct âœ…
60433701,Ezzi (Sainte-Clotilde),Verified,Verfied,Tout est correct âœ…
50180668,Ezzi (Sainte-Clotilde),Verified,Verfied,Tout est correct âœ…
50180669,Ezzi (Sainte-Clotilde),Verified,Verfied,Tout est correct âœ…
50487865,,Not Verified,Verfied,Data Ã  mettre Ã  jour ğŸ—ƒï¸
20415649,,Not Verified,Verfied,Data Ã  mettre Ã  jour ğŸ—ƒï¸
50487863,,Not Verified,Not Verified,Data et photo Ã  mettre Ã  jour âŒ
50487866,Zaini (Sainte-Clotilde),Verified,Verfied,Tout est correct âœ…
50487873,Ezzi (Sainte-Clotilde),Verified,Verfied,Tout est correct âœ…
50487876,Zaini (Sainte-Clotilde),Not Verified,Verfied,Data Ã  mettre Ã  jour ğŸ—ƒï¸
50487878,Zaini (Sainte-Clotilde),Not Verified,Not Verified,Data et photo Ã  mettre Ã  jour âŒ
50487884,,Not Verified,Verfied,Data Ã  mettre Ã  jour ğŸ—ƒï¸
50496910,Burhani (Sainte-Marie),Verified,Verfied,Tout est correct âœ…
50496909,Burhani (Sainte-Marie),Verified,Verfied,Tout est correct âœ…
50496911,Burhani (Sainte-Marie),Verified,Verfied,Tout est correct âœ…
30391532,Husaini (Sainte-Clotilde),Verified,Verfied,Tout est correct âœ…
50496923,Husaini (Sainte-Clotilde),Verified,Verfied,Tout est correct âœ…
50470706,Husaini (Sainte-Clotilde),Verified,Verfied,Tout est correct âœ…
50180603,Husaini (Sainte-Clotilde),Verified,Verfied,Tout est correct âœ…
20415724,Burhani (Sainte-Marie),Verified,Verfied,Tout est correct âœ…
50496926,Burhani (Sainte-Marie),Verified,Verfied,Tout est correct âœ…
50496927,Burhani (Sainte-Marie),Verified,Verfied,Tout est correct âœ…
30919675,Burhani (Sainte-Marie),Verified,Verfied,Tout est correct âœ…
50496928,Zaini (Sainte-Clotilde),Verified,Not Verified,Photo Ã  mettre Ã  jour ğŸ“·
50496933,Zaini (Sainte-Clotilde),Verified,Verfied,Tout est correct âœ…
40417985,Zaini (Sainte-Clotilde),Verified,Verfied,Tout est correct âœ…
50230732,Zaini (Sainte-Clotilde),Not Verified,Verfied,Data Ã  mettre Ã  jour ğŸ—ƒï¸
50230733,Zaini (Sainte-Clotilde),Verified,Verfied,Tout est correct âœ…
50496938,Zaini (Sainte-Clotilde),Not Verified,Verfied,Data Ã  mettre Ã  jour ğŸ—ƒï¸
50496945,Zaini (Sainte-Clotilde),Verified,Verfied,Tout est correct âœ…
40417402,Zaini (Sainte-Clotilde),Verified,Verfied,Tout est correct âœ…
50180078,Zaini (Sainte-Clotilde),Verified,Verfied,Tout est correct âœ…
40192488,Zaini (Sainte-Clotilde),Verified,Verfied,Tout est correct âœ…
50496949,,Verified,Verfied,Tout est correct âœ…
30404787,,Verified,Verfied,Tout est correct âœ…
40192487,,Verified,Not Verified,Photo Ã  mettre Ã  jour ğŸ“·
50496953,,Verified,Verfied,Tout est correct âœ…
40470083,,Verified,Verfied,Tout est correct âœ…
50496964,,Not Verified,Not Verified,Data et photo Ã  mettre Ã  jour âŒ
50496966,Ezzi (Sainte-Clotilde),Verified,Verfied,Tout est correct âœ…
50496967,Ezzi (Sainte-Clotilde),Verified,Verfied,Tout est correct âœ…
50496992,Husaini (Sainte-Clotilde),Not Verified,Verfied,Data Ã  mettre Ã  jour ğŸ—ƒï¸
50496993,Husaini (Sainte-Clotilde),Not Verified,Not Verified,Data et photo Ã  mettre Ã  jour âŒ
50496996,Husaini (Sainte-Clotilde),Not Verified,Not Verified,Data et photo Ã  mettre Ã  jour âŒ
50496994,,Not Verified,Not Verified,Data et photo Ã  mettre Ã  jour âŒ
50497000,Badri (Sainte-Clotilde),Verified,Verfied,Tout est correct âœ…
60416358,Badri (Sainte-Clotilde),Verified,Verfied,Tout est correct âœ…
60416301,Zaini (Sainte-Clotilde),Verified,Verfied,Tout est correct âœ…
60416312,Husaini (Sainte-Clotilde),Verified,Verfied,Tout est correct âœ…
60416314,Husaini (Sainte-Clotilde),Verified,Verfied,Tout est correct âœ…
60416313,Husaini (Sainte-Clotilde),Verified,Verfied,Tout est correct âœ…
30901322,Husaini (Sainte-Clotilde),Verified,Verfied,Tout est correct âœ…
30923858,Husaini (Sainte-Clotilde),Verified,Verfied,Tout est correct âœ…
60416339,Badri (Sainte-Clotilde),Verified,Verfied,Tout est correct âœ…
60416341,Badri (Sainte-Clotilde),Verified,Verfied,Tout est correct âœ…
30910763,Badri (Sainte-Clotilde),Verified,Verfied,Tout est correct âœ…
60416354,,Not Verified,Verfied,Data Ã  mettre Ã  jour ğŸ—ƒï¸
60416353,,Not Verified,Not Verified,Data et photo Ã  mettre Ã  jour âŒ
60416355,Taheri (Sud),Verified,Not Verified,Photo Ã  mettre Ã  jour ğŸ“·
60416356,Taheri (Sud),Verified,Not Verified,Photo Ã  mettre Ã  jour ğŸ“·
50181237,Badri (Sainte-Clotilde),Verified,Verfied,Tout est correct âœ…
60416357,Badri (Sainte-Clotilde),Verified,Verfied,Tout est correct âœ…
50181238,Badri (Sainte-Clotilde),Verified,Verfied,Tout est correct âœ…
50181239,Badri (Sainte-Clotilde),Verified,Verfied,Tout est correct âœ…
60416359,Husaini (Sainte-Clotilde),Verified,Verfied,Tout est correct âœ…
30914979,Husaini (Sainte-Clotilde),Verified,Verfied,Tout est correct âœ…
20415647,Burhani (Sainte-Marie),Verified,Verfied,Tout est correct âœ…
50487821,Burhani (Sainte-Marie),Verified,Verfied,Tout est correct âœ…
60433654,Burhani (Sainte-Marie),Verified,Verfied,Tout est correct âœ…
50487823,Burhani (Sainte-Marie),Verified,Verfied,Tout est correct âœ…
30923859,Burhani (Sainte-Marie),Verified,Verfied,Tout est correct âœ…
50470704,Burhani (Sainte-Marie),Verified,Verfied,Tout est correct âœ…
50470741,Burhani (Sainte-Marie),Verified,Verfied,Tout est correct âœ…
50181612,Burhani (Sainte-Marie),Verified,Verfied,Tout est correct âœ…
50181611,Burhani (Sainte-Marie),Verified,Not Verified,Photo Ã  mettre Ã  jour ğŸ“·
40194750,Burhani (Sainte-Marie),Verified,Not Verified,Photo Ã  mettre Ã  jour ğŸ“·
40194751,Burhani (Sainte-Marie),Verified,Verfied,Tout est correct âœ…
60433722,Burhani (Sainte-Marie),Verified,Verfied,Tout est correct âœ…
60433725,Burhani (Sainte-Marie),Verified,Verfied,Tout est correct âœ…
30927478,Burhani (Sainte-Marie),Verified,Verfied,Tout est correct âœ…
30927481,Burhani (Sainte-Marie),Verified,Verfied,Tout est correct âœ…
30927480,Burhani (Sainte-Marie),Verified,Verfied,Tout est correct âœ…
60433900,Qutbi (Saint-Denis),Verified,Verfied,Tout est correct âœ…
30929005,Qutbi (Saint-Denis),Verified,Verfied,Tout est correct âœ…